name,song_count,total_views,tradition,file_path
Manilal Nag,199,412315,Hindustani,Hindustani/artist/Manilal Nag.json
Munawar Ali Khan,407,440329,Hindustani,Hindustani/artist/Munawar Ali Khan.json
Saptarshi Chakraborty,131,75262,Hindustani,Hindustani/artist/Saptarshi Chakraborty.json
Mashkoor Ali Khan,233,242450,Hindustani,Hindustani/artist/Mashkoor Ali Khan.json
Bade Fateh Ali Khan,1509,191620775,Hindustani,Hindustani/artist/Bade Fateh Ali Khan.json
Yashwantbua Joshi,133,87072,Hindustani,Hindustani/artist/Yashwantbua Joshi.json
Bickram Ghosh,406,3105972,Hindustani,Hindustani/artist/Bickram Ghosh.json
Zia Mohiuddin Dagar,285,2263616,Hindustani,Hindustani/artist/Zia Mohiuddin Dagar.json
Uma Shankar Mishra,90,67373,Hindustani,Hindustani/artist/Uma Shankar Mishra.json
Jayateerth Mevundi,1349,7626058,Hindustani,Hindustani/artist/Jayateerth Mevundi.json
Shiv Kumar Shukla,49,66153,Hindustani,Hindustani/artist/Shiv Kumar Shukla.json
Tarun Bhattacharya,568,532238,Hindustani,Hindustani/artist/Tarun Bhattacharya.json
Pannalal Ghosh,267,977790,Hindustani,Hindustani/artist/Pannalal Ghosh.json
Bade Ghulam Ali Khan,2008,23698800,Hindustani,Hindustani/artist/Bade Ghulam Ali Khan.json
Siddheshwari Devi,421,697510,Hindustani,Hindustani/artist/Siddheshwari Devi.json
Asad Ali Khan,376,1048389,Hindustani,Hindustani/artist/Asad Ali Khan.json
Falguni Mitra,114,43298,Hindustani,Hindustani/artist/Falguni Mitra.json
Mahesh Kale,1319,77802366,Hindustani,Hindustani/artist/Mahesh Kale.json
Laxmanprasad Jaipurwale,63,48972,Hindustani,Hindustani/artist/Laxmanprasad Jaipurwale.json
Nandini Bedekar,41,97227,Hindustani,Hindustani/artist/Nandini Bedekar.json
L. K. Pandit,118,99948,Hindustani,Hindustani/artist/L. K. Pandit.json
Imdad Khan,21,99935,Hindustani,Hindustani/artist/Imdad Khan.json
Anuradha Pal,256,1031898,Hindustani,Hindustani/artist/Anuradha Pal.json
Sameer Dublay,38,27268,Hindustani,Hindustani/artist/Sameer Dublay.json
Kamal Tambe,23,7834,Hindustani,Hindustani/artist/Kamal Tambe.json
Usman Khan,140,186420,Hindustani,Hindustani/artist/Usman Khan.json
Suyog Kundalkar,33,17141,Hindustani,Hindustani/artist/Suyog Kundalkar.json
Rajendra Kandalgaonkar,157,91151,Hindustani,Hindustani/artist/Rajendra Kandalgaonkar.json
Ragini Trivedi,47,175725,Hindustani,Hindustani/artist/Ragini Trivedi.json
Sulabha Pishawikar,15,2834,Hindustani,Hindustani/artist/Sulabha Pishawikar.json
Aloke Dasgupta,54,37842,Hindustani,Hindustani/artist/Aloke Dasgupta.json
Sayeeduddin Dagar,124,938363,Hindustani,Hindustani/artist/Sayeeduddin Dagar.json
Dinkar Panshikar,58,102344,Hindustani,Hindustani/artist/Dinkar Panshikar.json
Shakoor Khan,56,53866,Hindustani,Hindustani/artist/Shakoor Khan.json
Shubhada Paradkar,134,251372,Hindustani,Hindustani/artist/Shubhada Paradkar.json
Azmat Hussain Khan,75,73723,Hindustani,Hindustani/artist/Azmat Hussain Khan.json
Hidayat Khan,107,237589,Hindustani,Hindustani/artist/Hidayat Khan.json
Ritwik Sanyal,224,470797,Hindustani,Hindustani/artist/Ritwik Sanyal.json
Sunayana Ghosh,33,172755,Hindustani,Hindustani/artist/Sunayana Ghosh.json
Shankar Ghosh,136,435766,Hindustani,Hindustani/artist/Shankar Ghosh.json
Chidanand Nagarkar,27,10548,Hindustani,Hindustani/artist/Chidanand Nagarkar.json
Shailesh Bhagwat,162,137355,Hindustani,Hindustani/artist/Shailesh Bhagwat.json
Sandeep Ranade,175,478756,Hindustani,Hindustani/artist/Sandeep Ranade.json
Kalyani Bondre,239,1229580,Hindustani,Hindustani/artist/Kalyani Bondre.json
Rashid Khan,2748,54104121,Hindustani,Hindustani/artist/Rashid Khan.json
Ashwin Srinivasan,334,2978681,Hindustani,Hindustani/artist/Ashwin Srinivasan.json
Irshad Khan,278,13054318,Hindustani,Hindustani/artist/Irshad Khan.json
Mohankumar Darekar,115,31895,Hindustani,Hindustani/artist/Mohankumar Darekar.json
Siddhartha Belmannu,183,4401626,Hindustani,Hindustani/artist/Siddhartha Belmannu.json
Sunanda Patnaik,88,642493,Hindustani,Hindustani/artist/Sunanda Patnaik.json
Poornima Kulkarni,152,170271,Hindustani,Hindustani/artist/Poornima Kulkarni.json
Rutuja Lad,88,183801,Hindustani,Hindustani/artist/Rutuja Lad.json
Kalyani Deshmukh,142,20151,Hindustani,Hindustani/artist/Kalyani Deshmukh.json
Shiraz Ali Khan,302,152604,Hindustani,Hindustani/artist/Shiraz Ali Khan.json
Aruna Narayan,24,37321,Hindustani,Hindustani/artist/Aruna Narayan.json
Dhondutai Kulkarni,83,87251,Hindustani,Hindustani/artist/Dhondutai Kulkarni.json
Basavaraj Rajguru,240,341226,Hindustani,Hindustani/artist/Basavaraj Rajguru.json
Dinkar Kaikini,265,308752,Hindustani,Hindustani/artist/Dinkar Kaikini.json
Pandit Yashpaul,54,45554,Hindustani,Hindustani/artist/Pandit Yashpaul.json
Sanjeev Chimmalgi,169,706063,Hindustani,Hindustani/artist/Sanjeev Chimmalgi.json
Kalapini Komkali,232,637495,Hindustani,Hindustani/artist/Kalapini Komkali.json
Alka Deo Marulkar,111,80992,Hindustani,Hindustani/artist/Alka Deo Marulkar.json
Begum Akhtar,1148,10987200,Hindustani,Hindustani/artist/Begum Akhtar.json
Arati Ankalikar,392,4470211,Hindustani,Hindustani/artist/Arati Ankalikar.json
Wahid Hussain Khan,27,9536,Hindustani,Hindustani/artist/Wahid Hussain Khan.json
Jayshree Patnekar,61,357594,Hindustani,Hindustani/artist/Jayshree Patnekar.json
Aparna Gurav,69,52056,Hindustani,Hindustani/artist/Aparna Gurav.json
Shafaatullah Khan,4,2610,Hindustani,Hindustani/artist/Shafaatullah Khan.json
Arun Bhaduri,233,517419,Hindustani,Hindustani/artist/Arun Bhaduri.json
Mujahid Hussain Khan,55,20382,Hindustani,Hindustani/artist/Mujahid Hussain Khan.json
Manju Mehta,159,220738,Hindustani,Hindustani/artist/Manju Mehta.json
Khadim Hussain Khan,101,50865,Hindustani,Hindustani/artist/Khadim Hussain Khan.json
Prateek Chaudhuri,182,353552,Hindustani,Hindustani/artist/Prateek Chaudhuri.json
Vijaya Jadhav Gatlewar,64,55427,Hindustani,Hindustani/artist/Vijaya Jadhav Gatlewar.json
Ghulam Hassan Shaggan,73,294510,Hindustani,Hindustani/artist/Ghulam Hassan Shaggan.json
Anoushka Shankar,1100,96868269,Hindustani,Hindustani/artist/Anoushka Shankar.json
Shafqat Ali Khan,741,13462674,Hindustani,Hindustani/artist/Shafqat Ali Khan.json
Saratchandra Arolkar,49,26088,Hindustani,Hindustani/artist/Saratchandra Arolkar.json
Soumik Datta,157,3312479,Hindustani,Hindustani/artist/Soumik Datta.json
Radharaman Kirtane,12,8876,Hindustani,Hindustani/artist/Radharaman Kirtane.json
Abhay Narayan Mallick,33,22526,Hindustani,Hindustani/artist/Abhay Narayan Mallick.json
Jnanendra Prasad Goswamy,110,416001,Hindustani,Hindustani/artist/Jnanendra Prasad Goswamy.json
Nazakat Ali Khan,468,1210033,Hindustani,Hindustani/artist/Nazakat Ali Khan.json
Jayadevi Jangamshetti,21,21761,Hindustani,Hindustani/artist/Jayadevi Jangamshetti.json
Zarin Sharma,126,188864,Hindustani,Hindustani/artist/Zarin Sharma.json
Anupama Bhagwat,325,2583984,Hindustani,Hindustani/artist/Anupama Bhagwat.json
Nikhil Bannerjee,1127,8767859,Hindustani,Hindustani/artist/Nikhil Bannerjee.json
Pushkar Lele,165,339828,Hindustani,Hindustani/artist/Pushkar Lele.json
Kumudini Katdare,116,35165,Hindustani,Hindustani/artist/Kumudini Katdare.json
Arun Dravid,113,120779,Hindustani,Hindustani/artist/Arun Dravid.json
Roopa Panesar,218,6515816,Hindustani,Hindustani/artist/Roopa Panesar.json
Tripti Mukherjee,49,129357,Hindustani,Hindustani/artist/Tripti Mukherjee.json
Praashekh Borkar,61,570055,Hindustani,Hindustani/artist/Praashekh Borkar.json
Tushar Dutta,182,230769,Hindustani,Hindustani/artist/Tushar Dutta.json
Nachiketa Sharma,63,122372,Hindustani,Hindustani/artist/Nachiketa Sharma.json
Pritam Bhattacharjee,150,265171,Hindustani,Hindustani/artist/Pritam Bhattacharjee.json
Pushparaj Koshti,81,56975,Hindustani,Hindustani/artist/Pushparaj Koshti.json
Asad Amanat Ali Khan,168,3960736,Hindustani,Hindustani/artist/Asad Amanat Ali Khan.json
Malabika Kanan,82,134711,Hindustani,Hindustani/artist/Malabika Kanan.json
Shobha Gurtu,822,6515351,Hindustani,Hindustani/artist/Shobha Gurtu.json
Rasoolan Bai,310,538091,Hindustani,Hindustani/artist/Rasoolan Bai.json
Pournima Dhumale,72,201740,Hindustani,Hindustani/artist/Pournima Dhumale.json
Parameshwar Hegde,265,162048,Hindustani,Hindustani/artist/Parameshwar Hegde.json
Brij Narayan,174,105061,Hindustani,Hindustani/artist/Brij Narayan.json
Rajan Sajan Mishra,1859,15152129,Hindustani,Hindustani/artist/Rajan Sajan Mishra.json
Deobrat Mishra,279,545233,Hindustani,Hindustani/artist/Deobrat Mishra.json
Sathish Vyas,177,116232,Hindustani,Hindustani/artist/Sathish Vyas.json
Bismillah Khan,2145,63273122,Hindustani,Hindustani/artist/Bismillah Khan.json
Vilayat Khan,2219,28197460,Hindustani,Hindustani/artist/Vilayat Khan.json
Rafique Khan,249,827791,Hindustani,Hindustani/artist/Rafique Khan.json
Meeta Pandit,367,2905018,Hindustani,Hindustani/artist/Meeta Pandit.json
Manjiri Alegaonkar,157,162004,Hindustani,Hindustani/artist/Manjiri Alegaonkar.json
Nasir Aminuddin Dagar,116,135209,Hindustani,Hindustani/artist/Nasir Aminuddin Dagar.json
Madhava Gudi,21,3628,Hindustani,Hindustani/artist/Madhava Gudi.json
Harish Tiwari,287,787764,Hindustani,Hindustani/artist/Harish Tiwari.json
Mallikarjun Mansur,1355,2974869,Hindustani,Hindustani/artist/Mallikarjun Mansur.json
Vishnu Digambar Paluskar,103,74805,Hindustani,Hindustani/artist/Vishnu Digambar Paluskar.json
Gautam Kale,158,181212,Hindustani,Hindustani/artist/Gautam Kale.json
Anjali Malkar,64,63887,Hindustani,Hindustani/artist/Anjali Malkar.json
Shivnath Mishra,129,354995,Hindustani,Hindustani/artist/Shivnath Mishra.json
Rajshekhar Mansur,143,78126,Hindustani,Hindustani/artist/Rajshekhar Mansur.json
Bhimsen Joshi,5059,198377093,Hindustani,Hindustani/artist/Bhimsen Joshi.json
Ranadhir Roy,77,223073,Hindustani,Hindustani/artist/Ranadhir Roy.json
Anjan Chattopadhyay,76,35597,Hindustani,Hindustani/artist/Anjan Chattopadhyay.json
Indrajit Banerjee,168,289147,Hindustani,Hindustani/artist/Indrajit Banerjee.json
Ulhas Bapat,155,624081,Hindustani,Hindustani/artist/Ulhas Bapat.json
Kartik Kumar,105,123084,Hindustani,Hindustani/artist/Kartik Kumar.json
Amanat Ali Fateh Ali,42,790520,Hindustani,Hindustani/artist/Amanat Ali Fateh Ali.json
Anuradha Kuber,307,429021,Hindustani,Hindustani/artist/Anuradha Kuber.json
Dhruv Bedi,143,479650,Hindustani,Hindustani/artist/Dhruv Bedi.json
Vinayak Hegde,36,27325,Hindustani,Hindustani/artist/Vinayak Hegde.json
Hiradevi Mishra,61,119359,Hindustani,Hindustani/artist/Hiradevi Mishra.json
Lalith J. Rao,197,140376,Hindustani,Hindustani/artist/Lalith J. Rao.json
Ganapati Bhat,446,1130969,Hindustani,Hindustani/artist/Ganapati Bhat.json
Pratima Tilak,60,134405,Hindustani,Hindustani/artist/Pratima Tilak.json
A. Kanan,91,97262,Hindustani,Hindustani/artist/A. Kanan.json
Ram Narayan,541,30567848,Hindustani,Hindustani/artist/Ram Narayan.json
Roshanara Begum,402,540307,Hindustani,Hindustani/artist/Roshanara Begum.json
Vasant Rai,54,125726,Hindustani,Hindustani/artist/Vasant Rai.json
Milind Tulankar,251,543137,Hindustani,Hindustani/artist/Milind Tulankar.json
Dipali Nag,96,107836,Hindustani,Hindustani/artist/Dipali Nag.json
Apoorva Ghokale,273,1391469,Hindustani,Hindustani/artist/Apoorva Ghokale.json
Shafique Khan,125,79036,Hindustani,Hindustani/artist/Shafique Khan.json
Mahalaxmi Shenoy,189,3002908,Hindustani,Hindustani/artist/Mahalaxmi Shenoy.json
Abdul Latif Khan,129,278420,Hindustani,Hindustani/artist/Abdul Latif Khan.json
Debanjan Bhattacharya,391,343455,Hindustani,Hindustani/artist/Debanjan Bhattacharya.json
Kankana Banerjee,277,291490,Hindustani,Hindustani/artist/Kankana Banerjee.json
Pravin Godkhindi,1101,41777499,Hindustani,Hindustani/artist/Pravin Godkhindi.json
Krishnendra Wadikar,104,298292,Hindustani,Hindustani/artist/Krishnendra Wadikar.json
Abhik Mukherjee,127,150806,Hindustani,Hindustani/artist/Abhik Mukherjee.json
Sukhada Kane,48,20320,Hindustani,Hindustani/artist/Sukhada Kane.json
Kashinath Bodas,88,98112,Hindustani,Hindustani/artist/Kashinath Bodas.json
Rajab Ali Khan,191,1342653,Hindustani,Hindustani/artist/Rajab Ali Khan.json
Raghunath Seth,299,471060,Hindustani,Hindustani/artist/Raghunath Seth.json
Vikas Kashalkar,167,168497,Hindustani,Hindustani/artist/Vikas Kashalkar.json
Vijaykumar Patil,316,1955071,Hindustani,Hindustani/artist/Vijaykumar Patil.json
Ramprapanna Bhattacharya,832,338978,Hindustani,Hindustani/artist/Ramprapanna Bhattacharya.json
Priya Purushothaman,64,228867,Hindustani,Hindustani/artist/Priya Purushothaman.json
Ronu Majumdar,1035,6442260,Hindustani,Hindustani/artist/Ronu Majumdar.json
Ghulam Hussain Khan,26,14982,Hindustani,Hindustani/artist/Ghulam Hussain Khan.json
Rais Khan,954,3205792,Hindustani,Hindustani/artist/Rais Khan.json
Nityanand Haldipur,150,145849,Hindustani,Hindustani/artist/Nityanand Haldipur.json
Hariprasad Chaurasia,2508,60226160,Hindustani,Hindustani/artist/Hariprasad Chaurasia.json
Vishmadev Chattopadhyay,93,240317,Hindustani,Hindustani/artist/Vishmadev Chattopadhyay.json
Sameep Kulkarni,978,275479,Hindustani,Hindustani/artist/Sameep Kulkarni.json
Kushal Das,378,1169722,Hindustani,Hindustani/artist/Kushal Das.json
Sadhana Shiledar,77,41117,Hindustani,Hindustani/artist/Sadhana Shiledar.json
Archana Kanhere,161,384275,Hindustani,Hindustani/artist/Archana Kanhere.json
Rahimuddin Dagar,58,54536,Hindustani,Hindustani/artist/Rahimuddin Dagar.json
Girija Devi,1004,5211110,Hindustani,Hindustani/artist/Girija Devi.json
Sarfaraz Hussain Khan,51,24953,Hindustani,Hindustani/artist/Sarfaraz Hussain Khan.json
Aloke Dutta,4,24600,Hindustani,Hindustani/artist/Aloke Dutta.json
Hemang Mehta,57,30712,Hindustani,Hindustani/artist/Hemang Mehta.json
Uday Bhawalkar,611,1598209,Hindustani,Hindustani/artist/Uday Bhawalkar.json
Kishan Maharaj,392,5558103,Hindustani,Hindustani/artist/Kishan Maharaj.json
Rajendra Prasanna,537,3718862,Hindustani,Hindustani/artist/Rajendra Prasanna.json
Pandit Jasraj,2644,63749084,Hindustani,Hindustani/artist/Pandit Jasraj.json
Manjusha Kulkarni Patil,639,3421949,Hindustani,Hindustani/artist/Manjusha Kulkarni Patil.json
Ghulam Akbar Khan,8,27363,Hindustani,Hindustani/artist/Ghulam Akbar Khan.json
Shubha Mudgal,597,8084297,Hindustani,Hindustani/artist/Shubha Mudgal.json
Aditya Khandwe,130,101856,Hindustani,Hindustani/artist/Aditya Khandwe.json
Vijay Ghate,99,282598,Hindustani,Hindustani/artist/Vijay Ghate.json
Nissar Hussain Khan,432,259903,Hindustani,Hindustani/artist/Nissar Hussain Khan.json
Sharafat Hussain Khan,404,294372,Hindustani,Hindustani/artist/Sharafat Hussain Khan.json
Rahul Deshpande,966,71750519,Hindustani,Hindustani/artist/Rahul Deshpande.json
Apratim Majumdar,81,84173,Hindustani,Hindustani/artist/Apratim Majumdar.json
Ayaan Ali Khan,309,2841291,Hindustani,Hindustani/artist/Ayaan Ali Khan.json
Sangameshwar Gurav,23,18243,Hindustani,Hindustani/artist/Sangameshwar Gurav.json
Barun Kumar Pal,103,43918,Hindustani,Hindustani/artist/Barun Kumar Pal.json
Kamal Sabri,412,1165365,Hindustani,Hindustani/artist/Kamal Sabri.json
Balwant Rai Bhatt,81,42755,Hindustani,Hindustani/artist/Balwant Rai Bhatt.json
Firoz Dastur,161,112568,Hindustani,Hindustani/artist/Firoz Dastur.json
Atindra Sarvadikar,117,94767,Hindustani,Hindustani/artist/Atindra Sarvadikar.json
Zakir Hussain,3445,155865544,Hindustani,Hindustani/artist/Zakir Hussain.json
Milind Chittal,279,291671,Hindustani,Hindustani/artist/Milind Chittal.json
Ashwin Batish,130,1339063,Hindustani,Hindustani/artist/Ashwin Batish.json
Ruchira Panda,151,175251,Hindustani,Hindustani/artist/Ruchira Panda.json
Prasad Bhandarkar,26,49796,Hindustani,Hindustani/artist/Prasad Bhandarkar.json
Ummeed Ali Khan,120,113579,Hindustani,Hindustani/artist/Ummeed Ali Khan.json
Tejendra Majumdar,308,626316,Hindustani,Hindustani/artist/Tejendra Majumdar.json
Milind Malshe,48,215486,Hindustani,Hindustani/artist/Milind Malshe.json
Chhote Rahimat Khan,51,42047,Hindustani,Hindustani/artist/Chhote Rahimat Khan.json
Vinayak Vora,58,22917,Hindustani,Hindustani/artist/Vinayak Vora.json
Ghulam Niyaz Khan,27,24495,Hindustani,Hindustani/artist/Ghulam Niyaz Khan.json
Kala Ramnath,577,3177008,Hindustani,Hindustani/artist/Kala Ramnath.json
Amaan Ali Khan,641,9144296,Hindustani,Hindustani/artist/Amaan Ali Khan.json
Bapu Padmanabha,494,1749721,Hindustani,Hindustani/artist/Bapu Padmanabha.json
Shounak Abhisheki,303,2535739,Hindustani,Hindustani/artist/Shounak Abhisheki.json
Vishwanath Rao Ringe,19,30614,Hindustani,Hindustani/artist/Vishwanath Rao Ringe.json
S. C. R. Bhat,9,5623,Hindustani,Hindustani/artist/S. C. R. Bhat.json
Prabhudev Sardar,49,32564,Hindustani,Hindustani/artist/Prabhudev Sardar.json
Ajoy Chakrabarty,2528,35738576,Hindustani,Hindustani/artist/Ajoy Chakrabarty.json
Manohar Chimote,46,49794,Hindustani,Hindustani/artist/Manohar Chimote.json
Padma Talwalkar,360,892545,Hindustani,Hindustani/artist/Padma Talwalkar.json
Dagar Brothers,267,549239,Hindustani,Hindustani/artist/Dagar Brothers.json
Pallavi Joshi,100,473460,Hindustani,Hindustani/artist/Pallavi Joshi.json
Shamim Ahmed Khan,63,26772,Hindustani,Hindustani/artist/Shamim Ahmed Khan.json
Sudip Chattopadhyay,138,84472,Hindustani,Hindustani/artist/Sudip Chattopadhyay.json
Manas Chakraborty,153,268564,Hindustani,Hindustani/artist/Manas Chakraborty.json
Sanjoy Bandopadhyay,163,115554,Hindustani,Hindustani/artist/Sanjoy Bandopadhyay.json
Praveen Sheolikar,63,151126,Hindustani,Hindustani/artist/Praveen Sheolikar.json
Arnab Chakrabarty,127,296158,Hindustani,Hindustani/artist/Arnab Chakrabarty.json
Shalmalee Joshi,220,159460,Hindustani,Hindustani/artist/Shalmalee Joshi.json
Zohrabai Agrewali,75,129463,Hindustani,Hindustani/artist/Zohrabai Agrewali.json
Wajahat Khan,68,163265,Hindustani,Hindustani/artist/Wajahat Khan.json
Sharad Sathe,273,120947,Hindustani,Hindustani/artist/Sharad Sathe.json
Vasantrao Deshpande,688,6952459,Hindustani,Hindustani/artist/Vasantrao Deshpande.json
Manik Varma,344,2671471,Hindustani,Hindustani/artist/Manik Varma.json
Amir Khan,1739,65350551,Hindustani,Hindustani/artist/Amir Khan.json
Kashinath Mukherjee,21,5624,Hindustani,Hindustani/artist/Kashinath Mukherjee.json
Dilshad Khan,496,4739186,Hindustani,Hindustani/artist/Dilshad Khan.json
Yogesh Samsi,608,3279147,Hindustani,Hindustani/artist/Yogesh Samsi.json
Samaresh Chowdhury,87,83976,Hindustani,Hindustani/artist/Samaresh Chowdhury.json
Arati Thakur Kundalkar,128,107135,Hindustani,Hindustani/artist/Arati Thakur Kundalkar.json
Raghunandan Panshikar,547,1786770,Hindustani,Hindustani/artist/Raghunandan Panshikar.json
Abhishek Lahiri,224,596901,Hindustani,Hindustani/artist/Abhishek Lahiri.json
Vasant Thakar,6,851,Hindustani,Hindustani/artist/Vasant Thakar.json
Mushtaq Hussain Khan,145,112602,Hindustani,Hindustani/artist/Mushtaq Hussain Khan.json
Murad Ali Khan,314,1364424,Hindustani,Hindustani/artist/Murad Ali Khan.json
Sulochana Brahaspati,67,47286,Hindustani,Hindustani/artist/Sulochana Brahaspati.json
Latafat Hussain Khan,312,173928,Hindustani,Hindustani/artist/Latafat Hussain Khan.json
Manjiri Asnare Kelkar,278,597620,Hindustani,Hindustani/artist/Manjiri Asnare Kelkar.json
Kaushiki Chakraborty,2618,124275600,Hindustani,Hindustani/artist/Kaushiki Chakraborty.json
Ram Chatur Mallick,157,88032,Hindustani,Hindustani/artist/Ram Chatur Mallick.json
Debashish Bhattacharya,765,2711052,Hindustani,Hindustani/artist/Debashish Bhattacharya.json
Ramesh Narayan,125,2055469,Hindustani,Hindustani/artist/Ramesh Narayan.json
Omkarnath Thakur,456,929517,Hindustani,Hindustani/artist/Omkarnath Thakur.json
Varsha Agrawal,83,49544,Hindustani,Hindustani/artist/Varsha Agrawal.json
Prabha Atre,1308,6725997,Hindustani,Hindustani/artist/Prabha Atre.json
Hafeez Ahmed Khan,139,61250,Hindustani,Hindustani/artist/Hafeez Ahmed Khan.json
Radhika Mohan Maitra,196,214745,Hindustani,Hindustani/artist/Radhika Mohan Maitra.json
Barkat Ali Khan,695,2102534,Hindustani,Hindustani/artist/Barkat Ali Khan.json
Devashish Dey,1436,193434,Hindustani,Hindustani/artist/Devashish Dey.json
Manu Seen,84,83429,Hindustani,Hindustani/artist/Manu Seen.json
Samta Prasad,267,848048,Hindustani,Hindustani/artist/Samta Prasad.json
Veena Sahasrabuddhe,1111,2750688,Hindustani,Hindustani/artist/Veena Sahasrabuddhe.json
Brij Bhushan Kabra,210,224750,Hindustani,Hindustani/artist/Brij Bhushan Kabra.json
Gagandeep Hothi,32,76857,Hindustani,Hindustani/artist/Gagandeep Hothi.json
Sawani Shende,456,3829749,Hindustani,Hindustani/artist/Sawani Shende.json
Sabir Khan,515,4287168,Hindustani,Hindustani/artist/Sabir Khan.json
Enayat Khan,15,25972,Hindustani,Hindustani/artist/Enayat Khan.json
D. V. Paluskar,607,2072137,Hindustani,Hindustani/artist/D. V. Paluskar.json
Devendra Murdeshwar,50,64015,Hindustani,Hindustani/artist/Devendra Murdeshwar.json
Abhay Sopori,204,564491,Hindustani,Hindustani/artist/Abhay Sopori.json
Janardhan Mitta,45,39471,Hindustani,Hindustani/artist/Janardhan Mitta.json
Mushtaq Ali Khan,77,90146,Hindustani,Hindustani/artist/Mushtaq Ali Khan.json
Satyasheel Deshpande,153,462610,Hindustani,Hindustani/artist/Satyasheel Deshpande.json
Shuchita Athalekar,48,20834,Hindustani,Hindustani/artist/Shuchita Athalekar.json
Indrani Mukherjee,269,1183274,Hindustani,Hindustani/artist/Indrani Mukherjee.json
Ratnakar Pai,56,36263,Hindustani,Hindustani/artist/Ratnakar Pai.json
Shahid Parvez,1605,13847147,Hindustani,Hindustani/artist/Shahid Parvez.json
Meher Paralikar,79,176004,Hindustani,Hindustani/artist/Meher Paralikar.json
Aashish Khan,563,906679,Hindustani,Hindustani/artist/Aashish Khan.json
Abdul Karim Khan,640,2407390,Hindustani,Hindustani/artist/Abdul Karim Khan.json
Tara Bir Singh Tuladhar,42,36581,Hindustani,Hindustani/artist/Tara Bir Singh Tuladhar.json
Gajananrao Joshi,733,440021,Hindustani,Hindustani/artist/Gajananrao Joshi.json
Ghulam Mustafa Khan,400,1949689,Hindustani,Hindustani/artist/Ghulam Mustafa Khan.json
Bhajan Sopori,500,722472,Hindustani,Hindustani/artist/Bhajan Sopori.json
Ashwini Bhide Deshpande,1378,7373292,Hindustani,Hindustani/artist/Ashwini Bhide Deshpande.json
Umrao Khan,197,65027,Hindustani,Hindustani/artist/Umrao Khan.json
Purnima Sen,59,56986,Hindustani,Hindustani/artist/Purnima Sen.json
Harjinder Pal Singh,27,214420,Hindustani,Hindustani/artist/Harjinder Pal Singh.json
Mohammad Sharif Khan,34,44907,Hindustani,Hindustani/artist/Mohammad Sharif Khan.json
Keshav Ginde,102,430096,Hindustani,Hindustani/artist/Keshav Ginde.json
Rahim Fahimuddin Dagar,81,237623,Hindustani,Hindustani/artist/Rahim Fahimuddin Dagar.json
Saniya Patankar,274,226819,Hindustani,Hindustani/artist/Saniya Patankar.json
Sanjeev Abhyankar,1148,16373791,Hindustani,Hindustani/artist/Sanjeev Abhyankar.json
Bundu Khan,374,335505,Hindustani,Hindustani/artist/Bundu Khan.json
Rupak Kulkarni,419,703446,Hindustani,Hindustani/artist/Rupak Kulkarni.json
Kaivalya Kumar Gurav,490,2780258,Hindustani,Hindustani/artist/Kaivalya Kumar Gurav.json
Subhranil Sarkar,91,597517,Hindustani,Hindustani/artist/Subhranil Sarkar.json
Ranjani Ramachandran,80,187980,Hindustani,Hindustani/artist/Ranjani Ramachandran.json
Padmavati Shaligram,90,105295,Hindustani,Hindustani/artist/Padmavati Shaligram.json
Alla Rakka,1002,8115376,Hindustani,Hindustani/artist/Alla Rakka.json
Rafat Khan Niyazi,24,11687,Hindustani,Hindustani/artist/Rafat Khan Niyazi.json
D. K. Datar,97,202075,Hindustani,Hindustani/artist/D. K. Datar.json
Shweta Jhaveri,59,124097,Hindustani,Hindustani/artist/Shweta Jhaveri.json
Siraj Khan,98,22474938,Hindustani,Hindustani/artist/Siraj Khan.json
Sandhya Mukhopadhyay,622,8296281,Hindustani,Hindustani/artist/Sandhya Mukhopadhyay.json
Vrinda Mundkur,30,6608,Hindustani,Hindustani/artist/Vrinda Mundkur.json
Ali Akbar Khan,1623,5826156,Hindustani,Hindustani/artist/Ali Akbar Khan.json
Ajay Pohankar,597,7049908,Hindustani,Hindustani/artist/Ajay Pohankar.json
Suman Ghosh,117,50201,Hindustani,Hindustani/artist/Suman Ghosh.json
Nagaraj Rao Havaldar,243,366250,Hindustani,Hindustani/artist/Nagaraj Rao Havaldar.json
Pelva Naik,69,618947,Hindustani,Hindustani/artist/Pelva Naik.json
Rajeev Janardan,248,305066,Hindustani,Hindustani/artist/Rajeev Janardan.json
Bahauddin Dagar,268,1160357,Hindustani,Hindustani/artist/Bahauddin Dagar.json
Nishat Khan,400,1391696,Hindustani,Hindustani/artist/Nishat Khan.json
Rattan Mohan Sharma,296,5301741,Hindustani,Hindustani/artist/Rattan Mohan Sharma.json
Ahmed Jan Thirakwa,268,1973649,Hindustani,Hindustani/artist/Ahmed Jan Thirakwa.json
Pandit Maniram,66,386504,Hindustani,Hindustani/artist/Pandit Maniram.json
Milind Raikar,214,222994,Hindustani,Hindustani/artist/Milind Raikar.json
Prakash Sontakke,51,61479,Hindustani,Hindustani/artist/Prakash Sontakke.json
Hafiz Ali Khan,96,53034,Hindustani,Hindustani/artist/Hafiz Ali Khan.json
Lakshmi Shankar,120,484563,Hindustani,Hindustani/artist/Lakshmi Shankar.json
Budhaditya Mukherjee,752,4424264,Hindustani,Hindustani/artist/Budhaditya Mukherjee.json
Tanavi Jagdale Sardeshmukh,25,32990,Hindustani,Hindustani/artist/Tanavi Jagdale Sardeshmukh.json
Aslam Khan,946,428094,Hindustani,Hindustani/artist/Aslam Khan.json
Devaki Pandit,242,2049939,Hindustani,Hindustani/artist/Devaki Pandit.json
Swami D. R. Parvatikar,22,502089,Hindustani,Hindustani/artist/Swami D. R. Parvatikar.json
Amit Arya,37,39029,Hindustani,Hindustani/artist/Amit Arya.json
Rakesh Chaurasia,862,25985538,Hindustani,Hindustani/artist/Rakesh Chaurasia.json
Vishwa Mohan Bhatt,1291,5299202,Hindustani,Hindustani/artist/Vishwa Mohan Bhatt.json
Prabhakar Karekar,318,1076899,Hindustani,Hindustani/artist/Prabhakar Karekar.json
Krishnarao Shankar Pandit,220,133669,Hindustani,Hindustani/artist/Krishnarao Shankar Pandit.json
Dhananjay Hegde,185,148107,Hindustani,Hindustani/artist/Dhananjay Hegde.json
Malini Rajurkar,626,1634599,Hindustani,Hindustani/artist/Malini Rajurkar.json
Buddhadev Das Gupta,388,582217,Hindustani,Hindustani/artist/Buddhadev Das Gupta.json
Indradeep Ghosh,219,190747,Hindustani,Hindustani/artist/Indradeep Ghosh.json
Gundecha Brothers,583,5418675,Hindustani,Hindustani/artist/Gundecha Brothers.json
Yashaswi Sirpotdar,151,178819,Hindustani,Hindustani/artist/Yashaswi Sirpotdar.json
Sabri Khan,181,916594,Hindustani,Hindustani/artist/Sabri Khan.json
Debu Chaudhuri,210,1119038,Hindustani,Hindustani/artist/Debu Chaudhuri.json
Balaram Pathak,89,124615,Hindustani,Hindustani/artist/Balaram Pathak.json
Niladri Kumar,1087,38088870,Hindustani,Hindustani/artist/Niladri Kumar.json
Ramkrishnabuwa Vaze,40,58594,Hindustani,Hindustani/artist/Ramkrishnabuwa Vaze.json
Jagdish Prasad,328,698740,Hindustani,Hindustani/artist/Jagdish Prasad.json
Tejpal Singh Surinder Singh,32,20296,Hindustani,Hindustani/artist/Tejpal Singh Surinder Singh.json
Zia Fariduddin Dagar,107,164332,Hindustani,Hindustani/artist/Zia Fariduddin Dagar.json
Nasir Moinuddin Dagar,32,22789,Hindustani,Hindustani/artist/Nasir Moinuddin Dagar.json
Dhruba Ghosh,110,991008,Hindustani,Hindustani/artist/Dhruba Ghosh.json
Munir Khan,271,569118,Hindustani,Hindustani/artist/Munir Khan.json
Mahadev Prasad Mishra,22,10236,Hindustani,Hindustani/artist/Mahadev Prasad Mishra.json
Shripad Hegde,139,181705,Hindustani,Hindustani/artist/Shripad Hegde.json
Saurabh Vartak,59,98754,Hindustani,Hindustani/artist/Saurabh Vartak.json
Shashank Maktedar,119,100008,Hindustani,Hindustani/artist/Shashank Maktedar.json
Shivkumar Sharma,1624,35543890,Hindustani,Hindustani/artist/Shivkumar Sharma.json
Waseem Ahmad Khan,186,281576,Hindustani,Hindustani/artist/Waseem Ahmad Khan.json
Shubra Guha,213,1188043,Hindustani,Hindustani/artist/Shubra Guha.json
Rajendra Vaishampayan,37,41889,Hindustani,Hindustani/artist/Rajendra Vaishampayan.json
Dinanath Mangeshkar,126,1464270,Hindustani,Hindustani/artist/Dinanath Mangeshkar.json
Rahul Sharma,475,4622938,Hindustani,Hindustani/artist/Rahul Sharma.json
Mohamed Assani,111,177999,Hindustani,Hindustani/artist/Mohamed Assani.json
Purbayan Chatterjee,1285,14407290,Hindustani,Hindustani/artist/Purbayan Chatterjee.json
Nivruttibua Sarnaik,139,122026,Hindustani,Hindustani/artist/Nivruttibua Sarnaik.json
Arshad Ali Khan,234,1991754,Hindustani,Hindustani/artist/Arshad Ali Khan.json
Kishori Amonkar,1999,23721929,Hindustani,Hindustani/artist/Kishori Amonkar.json
N. Rajam,663,2701080,Hindustani,Hindustani/artist/N. Rajam.json
Sarita Pathak,120,405969,Hindustani,Hindustani/artist/Sarita Pathak.json
Tulsidas Borkar,134,1187962,Hindustani,Hindustani/artist/Tulsidas Borkar.json
Sumitra Guha,257,343078,Hindustani,Hindustani/artist/Sumitra Guha.json
Annapurna Devi,149,3671413,Hindustani,Hindustani/artist/Annapurna Devi.json
Gangubai Hangal,686,949512,Hindustani,Hindustani/artist/Gangubai Hangal.json
Mubarak Ali Khan,165,518132,Hindustani,Hindustani/artist/Mubarak Ali Khan.json
Rishabh Seen,19,524190,Hindustani,Hindustani/artist/Rishabh Seen.json
Anant Lal,24,28166,Hindustani,Hindustani/artist/Anant Lal.json
Sukhwinder Singh Namdhari,70,921805,Hindustani,Hindustani/artist/Sukhwinder Singh Namdhari.json
Venkatesh Kumar,1795,20891108,Hindustani,Hindustani/artist/Venkatesh Kumar.json
Sharan Rani Mathur,160,233389,Hindustani,Hindustani/artist/Sharan Rani Mathur.json
V. R. Athavale,26,14830,Hindustani,Hindustani/artist/V. R. Athavale.json
Soumitra Thakur,173,358462,Hindustani,Hindustani/artist/Soumitra Thakur.json
Ram Marathe,372,1266886,Hindustani,Hindustani/artist/Ram Marathe.json
Ramashreya Jha,224,146693,Hindustani,Hindustani/artist/Ramashreya Jha.json
Sandip Bhattacharjee,339,501153,Hindustani,Hindustani/artist/Sandip Bhattacharjee.json
Kumar Gandharva,2229,25489657,Hindustani,Hindustani/artist/Kumar Gandharva.json
Abdul Wahid Khan,75,86734,Hindustani,Hindustani/artist/Abdul Wahid Khan.json
Sureshbabu Mane,18,44862,Hindustani,Hindustani/artist/Sureshbabu Mane.json
Ghulam Sadiq Khan,35,31537,Hindustani,Hindustani/artist/Ghulam Sadiq Khan.json
Omkar Dadarkar,416,869526,Hindustani,Hindustani/artist/Omkar Dadarkar.json
Hirabai Barodekar,368,408852,Hindustani,Hindustani/artist/Hirabai Barodekar.json
Babanrao Haldankar,89,56371,Hindustani,Hindustani/artist/Babanrao Haldankar.json
Neela Bhagwat,168,100989,Hindustani,Hindustani/artist/Neela Bhagwat.json
Iqbal Ahmad Khan,276,1526220,Hindustani,Hindustani/artist/Iqbal Ahmad Khan.json
Amjad Ali Khan,2560,25302537,Hindustani,Hindustani/artist/Amjad Ali Khan.json
Vinayakrao Patwardhan,170,124815,Hindustani,Hindustani/artist/Vinayakrao Patwardhan.json
Kalyani Salunke,204,2353764,Hindustani,Hindustani/artist/Kalyani Salunke.json
Ulhas Kashalkar,1079,3169981,Hindustani,Hindustani/artist/Ulhas Kashalkar.json
K. G. Ginde,381,104149,Hindustani,Hindustani/artist/K. G. Ginde.json
Kartik Seshadri,55,68025,Hindustani,Hindustani/artist/Kartik Seshadri.json
Pratik Srivastava,123,203267,Hindustani,Hindustani/artist/Pratik Srivastava.json
Amanat Ali Khan,1060,40664313,Hindustani,Hindustani/artist/Amanat Ali Khan.json
Tarapada Chakraborty,72,188610,Hindustani,Hindustani/artist/Tarapada Chakraborty.json
Bahadhur Khan,172,529811,Hindustani,Hindustani/artist/Bahadhur Khan.json
C. R. Vyas,261,154675,Hindustani,Hindustani/artist/C. R. Vyas.json
Sweekar Katti,71,57190,Hindustani,Hindustani/artist/Sweekar Katti.json
Mahendra Toke,48,24808,Hindustani,Hindustani/artist/Mahendra Toke.json
Vinay Chandra Maudgalya,13,3693,Hindustani,Hindustani/artist/Vinay Chandra Maudgalya.json
Ghulam Taqi Khan,27,27133,Hindustani,Hindustani/artist/Ghulam Taqi Khan.json
B. R. Deodhar,43,21724,Hindustani,Hindustani/artist/B. R. Deodhar.json
Channulal Mishra,639,9840375,Hindustani,Hindustani/artist/Channulal Mishra.json
Yusuf Ali Khan,22,25881,Hindustani,Hindustani/artist/Yusuf Ali Khan.json
Hemant Gandharv,97,91110,Hindustani,Hindustani/artist/Hemant Gandharv.json
Shaswathi Mandal,187,498520,Hindustani,Hindustani/artist/Shaswathi Mandal.json
Kesarbai Kerkar,663,1398122,Hindustani,Hindustani/artist/Kesarbai Kerkar.json
Narayanrao Vyas,177,140179,Hindustani,Hindustani/artist/Narayanrao Vyas.json
Manas Kumar,244,3429269,Hindustani,Hindustani/artist/Manas Kumar.json
Madhup Mudgal,317,882191,Hindustani,Hindustani/artist/Madhup Mudgal.json
Narendra Nath Dhar,92,75737,Hindustani,Hindustani/artist/Narendra Nath Dhar.json
Anupam Shobhakar,43,27802,Hindustani,Hindustani/artist/Anupam Shobhakar.json
Rishab Prasanna,125,857350,Hindustani,Hindustani/artist/Rishab Prasanna.json
Harvinder Sharma,222,505868,Hindustani,Hindustani/artist/Harvinder Sharma.json
Purnima Chaudhury,119,218500,Hindustani,Hindustani/artist/Purnima Chaudhury.json
Shubadra Desai,100,186939,Hindustani,Hindustani/artist/Shubadra Desai.json
Sumati Mutatkar,29,6618,Hindustani,Hindustani/artist/Sumati Mutatkar.json
V. G. Jog,221,603289,Hindustani,Hindustani/artist/V. G. Jog.json
Pratap Narayan,88,124886,Hindustani,Hindustani/artist/Pratap Narayan.json
Paras Nath,432,43580584,Hindustani,Hindustani/artist/Paras Nath.json
Nina Burmi,34,7764283,Hindustani,Hindustani/artist/Nina Burmi.json
Nikhil Ghosh,16,47487,Hindustani,Hindustani/artist/Nikhil Ghosh.json
Niaz Ahmed Khan,52,33804,Hindustani,Hindustani/artist/Niaz Ahmed Khan.json
Nirali Kartik,197,6385171,Hindustani,Hindustani/artist/Nirali Kartik.json
Samarth Nagarkar,96,65758,Hindustani,Hindustani/artist/Samarth Nagarkar.json
Ravi Shankar,4597,125614420,Hindustani,Hindustani/artist/Ravi Shankar.json
Reenat Fauzia,42,124523,Hindustani,Hindustani/artist/Reenat Fauzia.json
Bimalendu Mukherjee,44,31594,Hindustani,Hindustani/artist/Bimalendu Mukherjee.json
Rasiklal Andharia,80,75937,Hindustani,Hindustani/artist/Rasiklal Andharia.json
Darshan Singh Sur,24,434090,Hindustani,Hindustani/artist/Darshan Singh Sur.json
Bhagyesh Marathe,158,175295,Hindustani,Hindustani/artist/Bhagyesh Marathe.json
Asha Khadilkar,265,878320,Hindustani,Hindustani/artist/Asha Khadilkar.json
Alladiya Khan,63,184412,Hindustani,Hindustani/artist/Alladiya Khan.json
Nishad Bakre,273,159389,Hindustani,Hindustani/artist/Nishad Bakre.json
Vijay Koparkar,189,437328,Hindustani,Hindustani/artist/Vijay Koparkar.json
Harsh Narayan,49,134427,Hindustani,Hindustani/artist/Harsh Narayan.json
Sameehan Kashalkar,52,201480,Hindustani,Hindustani/artist/Sameehan Kashalkar.json
Gauhar Jaan,200,3287196,Hindustani,Hindustani/artist/Gauhar Jaan.json
Dattatreya Velankar,210,190177,Hindustani,Hindustani/artist/Dattatreya Velankar.json
Laxmibai Jadhav,78,35000,Hindustani,Hindustani/artist/Laxmibai Jadhav.json
Ayan Sengupta,118,293817,Hindustani,Hindustani/artist/Ayan Sengupta.json
Raza Ali Khan,310,1446457,Hindustani,Hindustani/artist/Raza Ali Khan.json
Arvind Parikh,279,2276951,Hindustani,Hindustani/artist/Arvind Parikh.json
Rajeev Taranath,318,246104,Hindustani,Hindustani/artist/Rajeev Taranath.json
Shirin Sengupta Nath,82,39450,Hindustani,Hindustani/artist/Shirin Sengupta Nath.json
Nath Neralkar,86,128373,Hindustani,Hindustani/artist/Nath Neralkar.json
Wahid Khan,56,139575,Hindustani,Hindustani/artist/Wahid Khan.json
Ashique Ali Khan,185,499235,Hindustani,Hindustani/artist/Ashique Ali Khan.json
Master Krishnarao,87,239776,Hindustani,Hindustani/artist/Master Krishnarao.json
Hindraj Divekar,30,61828,Hindustani,Hindustani/artist/Hindraj Divekar.json
Salamat Ali Khan,1794,12002610,Hindustani,Hindustani/artist/Salamat Ali Khan.json
Mukul Shivputra,241,1724240,Hindustani,Hindustani/artist/Mukul Shivputra.json
Chetan Joshi,183,146989,Hindustani,Hindustani/artist/Chetan Joshi.json
Vasundhara Komkali,41,82715,Hindustani,Hindustani/artist/Vasundhara Komkali.json
Vidur Mallick,76,47431,Hindustani,Hindustani/artist/Vidur Mallick.json
Basavi Mukerji,85,75291,Hindustani,Hindustani/artist/Basavi Mukerji.json
Abdul Rashid Khan,108,181276,Hindustani,Hindustani/artist/Abdul Rashid Khan.json
Tanveer Ahmed Khan,154,176366,Hindustani,Hindustani/artist/Tanveer Ahmed Khan.json
Shrikrishna Ratanjankar,142,52982,Hindustani,Hindustani/artist/Shrikrishna Ratanjankar.json
Mogubai Kurdikar,241,283350,Hindustani,Hindustani/artist/Mogubai Kurdikar.json
Prattyush Banerjee,206,2756719,Hindustani,Hindustani/artist/Prattyush Banerjee.json
Sudhir Phadke,457,36014197,Hindustani,Hindustani/artist/Sudhir Phadke.json
Anjanibai Malpekar,21,96230,Hindustani,Hindustani/artist/Anjanibai Malpekar.json
Suhasini Koratkar,73,30964,Hindustani,Hindustani/artist/Suhasini Koratkar.json
Vikash Maharaj,150,82814,Hindustani,Hindustani/artist/Vikash Maharaj.json
Ata Hussain Khan,31,15223,Hindustani,Hindustani/artist/Ata Hussain Khan.json
Madhukar Joshi,44,489561,Hindustani,Hindustani/artist/Madhukar Joshi.json
Shujaat Khan,1113,33783629,Hindustani,Hindustani/artist/Shujaat Khan.json
Mani Prasad,158,1064956,Hindustani,Hindustani/artist/Mani Prasad.json
Kashish Mittal,119,1030752,Hindustani,Hindustani/artist/Kashish Mittal.json
Ramarao V. Naik,67,10585,Hindustani,Hindustani/artist/Ramarao V. Naik.json
Jyoti Hegde,97,676126,Hindustani,Hindustani/artist/Jyoti Hegde.json
Yeshwantrai Purohit,20,4914,Hindustani,Hindustani/artist/Yeshwantrai Purohit.json
Tanmoy Bose,215,1166154,Hindustani,Hindustani/artist/Tanmoy Bose.json
Wasifuddin Dagar,434,572817,Hindustani,Hindustani/artist/Wasifuddin Dagar.json
Sultan Khan,407,34449531,Hindustani,Hindustani/artist/Sultan Khan.json
Vinayak Torvi,452,378905,Hindustani,Hindustani/artist/Vinayak Torvi.json
Jitendra Abhisheki,1173,19880331,Hindustani,Hindustani/artist/Jitendra Abhisheki.json
Raghunath Prasanna,6,10903,Hindustani,Hindustani/artist/Raghunath Prasanna.json
Raja Kale,187,688243,Hindustani,Hindustani/artist/Raja Kale.json
Anand Bhate,384,6497031,Hindustani,Hindustani/artist/Anand Bhate.json
Ramakant Gaikwad,298,398633,Hindustani,Hindustani/artist/Ramakant Gaikwad.json
Sahana Banerjee,168,431634,Hindustani,Hindustani/artist/Sahana Banerjee.json
Vinayak Chittar,41,73678,Hindustani,Hindustani/artist/Vinayak Chittar.json
Partha Chatterjee,16,16859,Hindustani,Hindustani/artist/Partha Chatterjee.json
Rajendra Varman,42,12312,Hindustani,Hindustani/artist/Rajendra Varman.json
Vidyadhar Vyas,200,94972,Hindustani,Hindustani/artist/Vidyadhar Vyas.json
Abdul Halim Jaffer Khan,398,339250,Hindustani,Hindustani/artist/Abdul Halim Jaffer Khan.json
Yunus Hussain Khan,193,66557,Hindustani,Hindustani/artist/Yunus Hussain Khan.json
Gauri Pathare,367,633190,Hindustani,Hindustani/artist/Gauri Pathare.json
Kumar Mardhur,150,440542,Hindustani,Hindustani/artist/Kumar Mardhur.json
Chinmoy Lahiri,113,76380,Hindustani,Hindustani/artist/Chinmoy Lahiri.json
Faiyyaz Khan,884,1703369,Hindustani,Hindustani/artist/Faiyyaz Khan.json
Debojyoti Mukherjee,50,77228,Hindustani,Hindustani/artist/Debojyoti Mukherjee.json
Jayanta Chattopadhyay,55,1535712,Hindustani,Hindustani/artist/Jayanta Chattopadhyay.json
Shruti Sadolikar,654,2484584,Hindustani,Hindustani/artist/Shruti Sadolikar.json
Abhishek Borkar,252,1464964,Hindustani,Hindustani/artist/Abhishek Borkar.json
Shubendra Rao,265,290338,Hindustani,Hindustani/artist/Shubendra Rao.json
Parthasarathi Desikan,25,601254,Hindustani,Hindustani/artist/Parthasarathi Desikan.json
Kedar Bodas,117,388290,Hindustani,Hindustani/artist/Kedar Bodas.json
Swapan Chaudhuri,575,1872207,Hindustani,Hindustani/artist/Swapan Chaudhuri.json
Daud Khan Sadozai,94,1452699,Hindustani,Hindustani/artist/Daud Khan Sadozai.json
Narayanrao Bodas,23,56673,Hindustani,Hindustani/artist/Narayanrao Bodas.json
Biswajit Roy Chowdhury,249,94890,Hindustani,Hindustani/artist/Biswajit Roy Chowdhury.json
Krishna Bhatt,183,465271,Hindustani,Hindustani/artist/Krishna Bhatt.json
Arun Kashalkar,300,303627,Hindustani,Hindustani/artist/Arun Kashalkar.json
Lalita Ubhayaker,14,5015,Hindustani,Hindustani/artist/Lalita Ubhayaker.json
Vilayat Hussain Khan,255,129252,Hindustani,Hindustani/artist/Vilayat Hussain Khan.json
Debasmita Bhattacharjee,49,617020,Hindustani,Hindustani/artist/Debasmita Bhattacharjee.json
Bholanath Prasanna,19,21797,Hindustani,Hindustani/artist/Bholanath Prasanna.json
Mita Nag,218,781283,Hindustani,Hindustani/artist/Mita Nag.json
Parveen Sultana,858,15073081,Hindustani,Hindustani/artist/Parveen Sultana.json
Shrikant Bakre,65,36785,Hindustani,Hindustani/artist/Shrikant Bakre.json
Anokhelal Mishra,79,474199,Hindustani,Hindustani/artist/Anokhelal Mishra.json
Sharafat Ali Khan,363,2638974,Hindustani,Hindustani/artist/Sharafat Ali Khan.json
Sameer Rao,279,551204,Hindustani,Hindustani/artist/Sameer Rao.json
Monika Soni,79,241881,Hindustani,Hindustani/artist/Monika Soni.json
Varada Godbole,80,75186,Hindustani,Hindustani/artist/Varada Godbole.json
Upendra Bhat,444,2957187,Hindustani,Hindustani/artist/Upendra Bhat.json
Kaviraj Singh,86,3210152,Hindustani,Hindustani/artist/Kaviraj Singh.json
Asad Qizilbash,107,63107,Hindustani,Hindustani/artist/Asad Qizilbash.json
Ajit Kadkade,429,18280620,Hindustani,Hindustani/artist/Ajit Kadkade.json
Sunilkant Gupta,53,94212,Hindustani,Hindustani/artist/Sunilkant Gupta.json
Jnan Prakash Ghosh,233,751146,Hindustani,Hindustani/artist/Jnan Prakash Ghosh.json
Nabanita Chowdhary,193,72058,Hindustani,Hindustani/artist/Nabanita Chowdhary.json
Arawind Thatte,107,212635,Hindustani,Hindustani/artist/Arawind Thatte.json
Nagesh Adgaonkar,453,3574182,Hindustani,Hindustani/artist/Nagesh Adgaonkar.json
Pinaki Prasad Mukherjee,24,5410,Hindustani,Hindustani/artist/Pinaki Prasad Mukherjee.json
Chota Gandharva,201,182035,Hindustani,Hindustani/artist/Chota Gandharva.json
Bharathi Prathap,151,177036,Hindustani,Hindustani/artist/Bharathi Prathap.json
Imrat Khan,451,1006081,Hindustani,Hindustani/artist/Imrat Khan.json
Suresh Talwalkar,603,2155426,Hindustani,Hindustani/artist/Suresh Talwalkar.json
Anindo Chatterjee,674,5423784,Hindustani,Hindustani/artist/Anindo Chatterjee.json
Kalyan Mukherjea,24,17475,Hindustani,Hindustani/artist/Kalyan Mukherjea.json
Srinjoy Mukherjee,254,132599,Hindustani,Hindustani/artist/Srinjoy Mukherjee.json
Santosh Banerjee,31,51694,Hindustani,Hindustani/artist/Santosh Banerjee.json
Ashish Sankrityayan,33,177482,Hindustani,Hindustani/artist/Ashish Sankrityayan.json
Allauddin Khan,290,643934,Hindustani,Hindustani/artist/Allauddin Khan.json
Saraswathi Rane,42,285971,Hindustani,Hindustani/artist/Saraswathi Rane.json
Nayan Ghosh,112,346718,Hindustani,Hindustani/artist/Nayan Ghosh.json
Meghana Kulkarni,141,324154,Hindustani,Hindustani/artist/Meghana Kulkarni.json
Vijay Sardeshmukh,53,198523,Hindustani,Hindustani/artist/Vijay Sardeshmukh.json
Vikram K. Raghavan,32,17074,Carnatic,Carnatic/artist/Vikram K. Raghavan.json
V. Pradeep Kumar,76,346300,Carnatic,Carnatic/artist/V. Pradeep Kumar.json
Madurai N. Krishnan,24,5913,Carnatic,Carnatic/artist/Madurai N. Krishnan.json
Jayalakshmi Santhanam,44,13795,Carnatic,Carnatic/artist/Jayalakshmi Santhanam.json
Bangalore Brothers,527,632068,Carnatic,Carnatic/artist/Bangalore Brothers.json
Salem K. Srinivasan,9,1617,Carnatic,Carnatic/artist/Salem K. Srinivasan.json
K. V. Ramanujam,30,12544,Carnatic,Carnatic/artist/K. V. Ramanujam.json
Thoppur V. Sairam,30,35248,Carnatic,Carnatic/artist/Thoppur V. Sairam.json
Akkarai Sornalatha,18,48127,Carnatic,Carnatic/artist/Akkarai Sornalatha.json
Manasi Prasad,165,714198,Carnatic,Carnatic/artist/Manasi Prasad.json
Sangeetha Sivakumar,156,823917,Carnatic,Carnatic/artist/Sangeetha Sivakumar.json
Prof K. Venkataramanan,77,52818,Carnatic,Carnatic/artist/Prof K. Venkataramanan.json
Swarna Rethas,17,28434,Carnatic,Carnatic/artist/Swarna Rethas.json
Sudha Ragunathan,5611,129479773,Carnatic,Carnatic/artist/Sudha Ragunathan.json
D. K. Jayaraman,3885,7379961,Carnatic,Carnatic/artist/D. K. Jayaraman.json
Ramana Balachandran,429,6809002,Carnatic,Carnatic/artist/Ramana Balachandran.json
T. V. Gopalakrishnan,316,727774,Carnatic,Carnatic/artist/T. V. Gopalakrishnan.json
T. K. Murthy,368,687997,Carnatic,Carnatic/artist/T. K. Murthy.json
Lalgudi Brahmanandam,25,94608,Carnatic,Carnatic/artist/Lalgudi Brahmanandam.json
Vasundara Rajagopal,68,38353,Carnatic,Carnatic/artist/Vasundara Rajagopal.json
Lalgudi Krishnan Vijayalakshmi,935,2069075,Carnatic,Carnatic/artist/Lalgudi Krishnan Vijayalakshmi.json
H. S. Sudhindra,14,23349,Carnatic,Carnatic/artist/H. S. Sudhindra.json
Musiri Subramania Iyer,533,1234321,Carnatic,Carnatic/artist/Musiri Subramania Iyer.json
S. Sundar,188,200534,Carnatic,Carnatic/artist/S. Sundar.json
Kadri Gopalnath,1414,29846532,Carnatic,Carnatic/artist/Kadri Gopalnath.json
A. Ananthapadmanabhan,85,89756,Carnatic,Carnatic/artist/A. Ananthapadmanabhan.json
Ranjani Gayatri,2415,47512752,Carnatic,Carnatic/artist/Ranjani Gayatri.json
Sukanya Prabhakar,99,104755,Carnatic,Carnatic/artist/Sukanya Prabhakar.json
Mani Krishnaswami,735,2184910,Carnatic,Carnatic/artist/Mani Krishnaswami.json
Lalitha Seshadri,16,7720,Carnatic,Carnatic/artist/Lalitha Seshadri.json
Bellary Brothers,17,33580,Carnatic,Carnatic/artist/Bellary Brothers.json
B. K. Raghu,15,1194,Carnatic,Carnatic/artist/B. K. Raghu.json
B. Lalitha,39,8218,Carnatic,Carnatic/artist/B. Lalitha.json
Sunil Gargyan,576,1440441,Carnatic,Carnatic/artist/Sunil Gargyan.json
S. Aishwarya,99,2795534,Carnatic,Carnatic/artist/S. Aishwarya.json
T. M. Soundarajan,97,8659884,Carnatic,Carnatic/artist/T. M. Soundarajan.json
B. Harikumar,45,9743454,Carnatic,Carnatic/artist/B. Harikumar.json
Vijayalakshmy Subramaniam,448,394506,Carnatic,Carnatic/artist/Vijayalakshmy Subramaniam.json
Vidyabhushana,1025,298475695,Carnatic,Carnatic/artist/Vidyabhushana.json
B. Rajasekhar,3,3092,Carnatic,Carnatic/artist/B. Rajasekhar.json
Yogam Santhanam,15,2387,Carnatic,Carnatic/artist/Yogam Santhanam.json
V. V. Subramaniam,361,966775,Carnatic,Carnatic/artist/V. V. Subramaniam.json
Nagavalli Nagaraj,2600,1027453,Carnatic,Carnatic/artist/Nagavalli Nagaraj.json
L. Subramaniam,781,8347065,Carnatic,Carnatic/artist/L. Subramaniam.json
Rama Geetha,12,16175,Carnatic,Carnatic/artist/Rama Geetha.json
Susarla Sivaraman,33,1993,Carnatic,Carnatic/artist/Susarla Sivaraman.json
M. D. Ramanathan,6253,6339943,Carnatic,Carnatic/artist/M. D. Ramanathan.json
R. K. Srikantan,858,981745,Carnatic,Carnatic/artist/R. K. Srikantan.json
Palghat Harinarayanan,15,27668,Carnatic,Carnatic/artist/Palghat Harinarayanan.json
MPN Brothers,172,4931766,Carnatic,Carnatic/artist/MPN Brothers.json
Thiruveezhimizhalai Subramanya Pillai,2,1465,Carnatic,Carnatic/artist/Thiruveezhimizhalai Subramanya Pillai.json
Padma Krishnan,32,19806,Carnatic,Carnatic/artist/Padma Krishnan.json
Mambalam MKS Siva,288,5422573,Carnatic,Carnatic/artist/Mambalam MKS Siva.json
Vijay Venkateshwar,3,41,Carnatic,Carnatic/artist/Vijay Venkateshwar.json
Maharajapuram S. Ramachandran,214,247037,Carnatic,Carnatic/artist/Maharajapuram S. Ramachandran.json
Mambalam Sisters,366,7898284,Carnatic,Carnatic/artist/Mambalam Sisters.json
Sherthalai Ananthakrishnan,32,51743,Carnatic,Carnatic/artist/Sherthalai Ananthakrishnan.json
Karaikudi S. Subramaniam,40,56503,Carnatic,Carnatic/artist/Karaikudi S. Subramaniam.json
Maharajapuram Viswanatha Iyer,317,820039,Carnatic,Carnatic/artist/Maharajapuram Viswanatha Iyer.json
Marungapuri Gopalakrishna Iyer,2,1306,Carnatic,Carnatic/artist/Marungapuri Gopalakrishna Iyer.json
M. Vijay,30,28164,Carnatic,Carnatic/artist/M. Vijay.json
Neyveli Narayanan,28,85704,Carnatic,Carnatic/artist/Neyveli Narayanan.json
T. K. V. Ramanujacharyalu,46,152857,Carnatic,Carnatic/artist/T. K. V. Ramanujacharyalu.json
Srividya Sriram,147,27461,Carnatic,Carnatic/artist/Srividya Sriram.json
Trivandrum Sampath,24,11492,Carnatic,Carnatic/artist/Trivandrum Sampath.json
Usha Rajagopalan,67,65428,Carnatic,Carnatic/artist/Usha Rajagopalan.json
Sripada Pinakapani,191,207628,Carnatic,Carnatic/artist/Sripada Pinakapani.json
A. S. Murali,282,225563,Carnatic,Carnatic/artist/A. S. Murali.json
S. G. Kittappa,61,152783,Carnatic,Carnatic/artist/S. G. Kittappa.json
Bhagyalakshmi Chandrasekhar,302,594299,Carnatic,Carnatic/artist/Bhagyalakshmi Chandrasekhar.json
Injikudi E. M. Mariyappan,114,1328197,Carnatic,Carnatic/artist/Injikudi E. M. Mariyappan.json
T. Sashidhar,14,1761,Carnatic,Carnatic/artist/T. Sashidhar.json
Ariyakudi Ramanuja Iyengar,2675,4742769,Carnatic,Carnatic/artist/Ariyakudi Ramanuja Iyengar.json
T. R. Padmini,9,803,Carnatic,Carnatic/artist/T. R. Padmini.json
Mayavaram Govindaraja Pillai,43,52294,Carnatic,Carnatic/artist/Mayavaram Govindaraja Pillai.json
V. R. Krishnan,24,11718,Carnatic,Carnatic/artist/V. R. Krishnan.json
B. Sivakumar,29,10980,Carnatic,Carnatic/artist/B. Sivakumar.json
V. Anirudh Athreya,2,273,Carnatic,Carnatic/artist/V. Anirudh Athreya.json
Vignesh Ishwar,887,4211015,Carnatic,Carnatic/artist/Vignesh Ishwar.json
Bombay Sisters,2391,47678776,Carnatic,Carnatic/artist/Bombay Sisters.json
V. Sanjeev,9,2563,Carnatic,Carnatic/artist/V. Sanjeev.json
Amritha Murali,1197,3322199,Carnatic,Carnatic/artist/Amritha Murali.json
Nagai Sriram,7,16037,Carnatic,Carnatic/artist/Nagai Sriram.json
Alathur Srinivasa Iyer,319,183075,Carnatic,Carnatic/artist/Alathur Srinivasa Iyer.json
Kuzhikkarai S. P. Viswalingam,64,7242,Carnatic,Carnatic/artist/Kuzhikkarai S. P. Viswalingam.json
Giridhar Udupa,131,1886472,Carnatic,Carnatic/artist/Giridhar Udupa.json
Vegavahini Vijayaraghavan,67,80520,Carnatic,Carnatic/artist/Vegavahini Vijayaraghavan.json
Archana Aarathi,561,2075038,Carnatic,Carnatic/artist/Archana Aarathi.json
Savita Narasimhan,168,304617,Carnatic,Carnatic/artist/Savita Narasimhan.json
Alathur Rajaganesh,1,588,Carnatic,Carnatic/artist/Alathur Rajaganesh.json
Umayalpuram K. Sivaraman,348,4198033,Carnatic,Carnatic/artist/Umayalpuram K. Sivaraman.json
O. S. Arun,598,6667302,Carnatic,Carnatic/artist/O. S. Arun.json
Sumesh Narayanan,47,2372954,Carnatic,Carnatic/artist/Sumesh Narayanan.json
Melakaveri Thiagarajan,15,1946,Carnatic,Carnatic/artist/Melakaveri Thiagarajan.json
Mysore V. Ramarathnam,66,13764,Carnatic,Carnatic/artist/Mysore V. Ramarathnam.json
Palladam Sanjeeva Rao,31,33676,Carnatic,Carnatic/artist/Palladam Sanjeeva Rao.json
Alamelu Mani,89,97686,Carnatic,Carnatic/artist/Alamelu Mani.json
Phanindra Bhaskara,9,8433,Carnatic,Carnatic/artist/Phanindra Bhaskara.json
Manda Sudharani,261,149204,Carnatic,Carnatic/artist/Manda Sudharani.json
G. N. Balasubramaniam,4000,7928085,Carnatic,Carnatic/artist/G. N. Balasubramaniam.json
Arjun Ganesh,11,12523,Carnatic,Carnatic/artist/Arjun Ganesh.json
Ganesh Kumaresh,567,3153812,Carnatic,Carnatic/artist/Ganesh Kumaresh.json
G. Bharathi,1,218,Carnatic,Carnatic/artist/G. Bharathi.json
M. Chandrasekaran,333,379131,Carnatic,Carnatic/artist/M. Chandrasekaran.json
S. Adithya Narayanan,143,490237,Carnatic,Carnatic/artist/S. Adithya Narayanan.json
Kudamaloor Janardanan,226,5577404,Carnatic,Carnatic/artist/Kudamaloor Janardanan.json
Vaikam Gopalakrishnan,7,4787,Carnatic,Carnatic/artist/Vaikam Gopalakrishnan.json
Sikkil Mala Chandrasekhar,536,1092322,Carnatic,Carnatic/artist/Sikkil Mala Chandrasekhar.json
Karaikudi R. Krishnamurthy,6,1785,Carnatic,Carnatic/artist/Karaikudi R. Krishnamurthy.json
Veena Raja Rao,2,1041,Carnatic,Carnatic/artist/Veena Raja Rao.json
Mudikondan S. N. Ramesh,135,129442,Carnatic,Carnatic/artist/Mudikondan S. N. Ramesh.json
Sattur Subramaniam,132,194528,Carnatic,Carnatic/artist/Sattur Subramaniam.json
B. Shree Sundarkumar,69,204312,Carnatic,Carnatic/artist/B. Shree Sundarkumar.json
T. Balasaraswathi,214,1188090,Carnatic,Carnatic/artist/T. Balasaraswathi.json
N. J. Nandini,533,3366419,Carnatic,Carnatic/artist/N. J. Nandini.json
Nanjil Arul,7,935,Carnatic,Carnatic/artist/Nanjil Arul.json
Rajkumar Bharathi,398,492209,Carnatic,Carnatic/artist/Rajkumar Bharathi.json
R. Hemalatha,24,38861,Carnatic,Carnatic/artist/R. Hemalatha.json
K. V. Krishnan,14,1172,Carnatic,Carnatic/artist/K. V. Krishnan.json
Mysore Brothers,621,1772482,Carnatic,Carnatic/artist/Mysore Brothers.json
D. Raghavachari,36,7341,Carnatic,Carnatic/artist/D. Raghavachari.json
Lalitha Sivakumar,11,8819,Carnatic,Carnatic/artist/Lalitha Sivakumar.json
Thirumeignanam TKR Ayyappan,10,5365,Carnatic,Carnatic/artist/Thirumeignanam TKR Ayyappan.json
Thiruvarur Vaidhyanathan,34,12330,Carnatic,Carnatic/artist/Thiruvarur Vaidhyanathan.json
Akkarai Sisters,806,5910215,Carnatic,Carnatic/artist/Akkarai Sisters.json
Anayampatti S. Ganesan,234,183578,Carnatic,Carnatic/artist/Anayampatti S. Ganesan.json
Kumbakonam Rajamanickam Pillai,49,60174,Carnatic,Carnatic/artist/Kumbakonam Rajamanickam Pillai.json
S. V. Subbiah Bagawathar,50,12606,Carnatic,Carnatic/artist/S. V. Subbiah Bagawathar.json
G. Madhavan,41,9773,Carnatic,Carnatic/artist/G. Madhavan.json
Indira Kameshwara Rao,25,5114,Carnatic,Carnatic/artist/Indira Kameshwara Rao.json
T. Brinda,456,1033305,Carnatic,Carnatic/artist/T. Brinda.json
Kothamangalam Seenu,6,24401,Carnatic,Carnatic/artist/Kothamangalam Seenu.json
S. V. S. Narayanan,3,5491,Carnatic,Carnatic/artist/S. V. S. Narayanan.json
Rama Ravi,481,374673,Carnatic,Carnatic/artist/Rama Ravi.json
Jayshree Jeyraj,231,82724,Carnatic,Carnatic/artist/Jayshree Jeyraj.json
Jayashree Rajeev,497,37118853,Carnatic,Carnatic/artist/Jayashree Rajeev.json
Geetha Raja,279,266221,Carnatic,Carnatic/artist/Geetha Raja.json
M. N. Kandaswamy Pillai,13,23904,Carnatic,Carnatic/artist/M. N. Kandaswamy Pillai.json
Vyasarpadi G. Kothandaraman,12,6160,Carnatic,Carnatic/artist/Vyasarpadi G. Kothandaraman.json
Balaji Shankar,242,399623,Carnatic,Carnatic/artist/Balaji Shankar.json
Annavarapu Ramaswamy,75,35880,Carnatic,Carnatic/artist/Annavarapu Ramaswamy.json
Kancheepuram M. Gunasekaran,1,35,Carnatic,Carnatic/artist/Kancheepuram M. Gunasekaran.json
Trichur Mohan,2,5468,Carnatic,Carnatic/artist/Trichur Mohan.json
Madurai Mani Iyer,5223,11325681,Carnatic,Carnatic/artist/Madurai Mani Iyer.json
Rithvik Raja,226,1017739,Carnatic,Carnatic/artist/Rithvik Raja.json
S. Kalyanaraman,1871,2059269,Carnatic,Carnatic/artist/S. Kalyanaraman.json
Vaigal S. Gnanaskandan,27,26180,Carnatic,Carnatic/artist/Vaigal S. Gnanaskandan.json
B. S. Purushothaman,13,17943,Carnatic,Carnatic/artist/B. S. Purushothaman.json
Vechoor Harihara Subramania Iyer,144,65048,Carnatic,Carnatic/artist/Vechoor Harihara Subramania Iyer.json
H. K. Venkatram,55,92097,Carnatic,Carnatic/artist/H. K. Venkatram.json
Srimushnam Raja Rao,100,200835,Carnatic,Carnatic/artist/Srimushnam Raja Rao.json
M. S. N. Murthy,43,18744,Carnatic,Carnatic/artist/M. S. N. Murthy.json
Mullaivasal G. Chandramouli,39,13006,Carnatic,Carnatic/artist/Mullaivasal G. Chandramouli.json
Erode Nagaraj,13,18925,Carnatic,Carnatic/artist/Erode Nagaraj.json
Dwaram Mangathayaru,46,8700,Carnatic,Carnatic/artist/Dwaram Mangathayaru.json
Revathi Krishna,31,55533,Carnatic,Carnatic/artist/Revathi Krishna.json
Maharajapuram S. Srinivasan,165,277116,Carnatic,Carnatic/artist/Maharajapuram S. Srinivasan.json
Karukurichi Arunachalam,755,12033295,Carnatic,Carnatic/artist/Karukurichi Arunachalam.json
Gayathri Girish,1845,10731100,Carnatic,Carnatic/artist/Gayathri Girish.json
Saralaya Sisters,94,433294,Carnatic,Carnatic/artist/Saralaya Sisters.json
V. Sivaranjani V. Nalinakanthi,32,26388,Carnatic,Carnatic/artist/V. Sivaranjani V. Nalinakanthi.json
Lalitha Santhanam,12,46122,Carnatic,Carnatic/artist/Lalitha Santhanam.json
P. Ganesh,72,15966,Carnatic,Carnatic/artist/P. Ganesh.json
Bellary Raghavendra,46,10883,Carnatic,Carnatic/artist/Bellary Raghavendra.json
Bellary M. Sheshagiri Achar,13,2571,Carnatic,Carnatic/artist/Bellary M. Sheshagiri Achar.json
Thirukkalar Durai Bharathidasan,4,12236,Carnatic,Carnatic/artist/Thirukkalar Durai Bharathidasan.json
T. R. Mahalingam,1093,1937211,Carnatic,Carnatic/artist/T. R. Mahalingam.json
Sumitra Nitin,74,76494,Carnatic,Carnatic/artist/Sumitra Nitin.json
Ayyalore Krishnan,54,23136,Carnatic,Carnatic/artist/Ayyalore Krishnan.json
Mylai M. Karthikeyan,325,1920627,Carnatic,Carnatic/artist/Mylai M. Karthikeyan.json
Anuradha Sridhar,55,81289,Carnatic,Carnatic/artist/Anuradha Sridhar.json
Sembanarkoil SRD Muthukumaraswamy,6,3017,Carnatic,Carnatic/artist/Sembanarkoil SRD Muthukumaraswamy.json
Suguna Varadachari Suguna Purushothaman,63,13636,Carnatic,Carnatic/artist/Suguna Varadachari Suguna Purushothaman.json
T. V. Sundaravalli,51,26958,Carnatic,Carnatic/artist/T. V. Sundaravalli.json
H. P. Ramachar,2,6167,Carnatic,Carnatic/artist/H. P. Ramachar.json
Visakha Hari,566,12831508,Carnatic,Carnatic/artist/Visakha Hari.json
Sheik Mahaboob Subhani,134,2047551,Carnatic,Carnatic/artist/Sheik Mahaboob Subhani.json
Vellore Ramabhadran,99,221341,Carnatic,Carnatic/artist/Vellore Ramabhadran.json
S. Ramanathan,1002,793612,Carnatic,Carnatic/artist/S. Ramanathan.json
M. Narmada,250,262572,Carnatic,Carnatic/artist/M. Narmada.json
Ranjani Ramakrishnan,7,119,Carnatic,Carnatic/artist/Ranjani Ramakrishnan.json
N. C. Vasanthakokilam,130,3012462,Carnatic,Carnatic/artist/N. C. Vasanthakokilam.json
Nirmala Sundarajan,69,25149,Carnatic,Carnatic/artist/Nirmala Sundarajan.json
Delhi P. Sunder Rajan,106,141205,Carnatic,Carnatic/artist/Delhi P. Sunder Rajan.json
A. K. C. Natarajan,400,1374335,Carnatic,Carnatic/artist/A. K. C. Natarajan.json
Alathur Brothers,1246,1739509,Carnatic,Carnatic/artist/Alathur Brothers.json
Desur S. Shanmugasundaram,15,12115,Carnatic,Carnatic/artist/Desur S. Shanmugasundaram.json
Gayathri Venkataraghavan,985,2450177,Carnatic,Carnatic/artist/Gayathri Venkataraghavan.json
C. S. Murugabhoopathy,60,262241,Carnatic,Carnatic/artist/C. S. Murugabhoopathy.json
T. M. Thiagarajan,626,333820,Carnatic,Carnatic/artist/T. M. Thiagarajan.json
Thiruvarur Bakthavathsalam,74,651866,Carnatic,Carnatic/artist/Thiruvarur Bakthavathsalam.json
Chembai Vaidyanatha Bhagavathar,1998,9367772,Carnatic,Carnatic/artist/Chembai Vaidyanatha Bhagavathar.json
Kumaresh Rajagopalan,12,16226,Carnatic,Carnatic/artist/Kumaresh Rajagopalan.json
Girijashankar Sundaresan,104,142227,Carnatic,Carnatic/artist/Girijashankar Sundaresan.json
Dandamudi Rammohan Rao,17,35443,Carnatic,Carnatic/artist/Dandamudi Rammohan Rao.json
M. S. Gopalakrishnan,1574,4393652,Carnatic,Carnatic/artist/M. S. Gopalakrishnan.json
Nemmara Brothers,337,1911065,Carnatic,Carnatic/artist/Nemmara Brothers.json
Anoor Anantha Krishna Sharma,73,192214,Carnatic,Carnatic/artist/Anoor Anantha Krishna Sharma.json
Sampagodu Vighnaraja,178,338850,Carnatic,Carnatic/artist/Sampagodu Vighnaraja.json
Sugandha Kalamegham,138,168085,Carnatic,Carnatic/artist/Sugandha Kalamegham.json
R. N. Srilatha,26,10838,Carnatic,Carnatic/artist/R. N. Srilatha.json
Manakkal Rangarajan,128,168438,Carnatic,Carnatic/artist/Manakkal Rangarajan.json
Bangalore V. Praveen,54,55184,Carnatic,Carnatic/artist/Bangalore V. Praveen.json
C. Cheluvaraju,8,3439,Carnatic,Carnatic/artist/C. Cheluvaraju.json
Padma Sugavanam,177,283763,Carnatic,Carnatic/artist/Padma Sugavanam.json
Omanakutty,205,213365,Carnatic,Carnatic/artist/Omanakutty.json
Anayampatti Dhandapani,27,14402,Carnatic,Carnatic/artist/Anayampatti Dhandapani.json
Vaibhav Ramani,104,222993,Carnatic,Carnatic/artist/Vaibhav Ramani.json
Subhashini Parthasarathy,96,116746,Carnatic,Carnatic/artist/Subhashini Parthasarathy.json
T. N. S. Krishna,362,531556,Carnatic,Carnatic/artist/T. N. S. Krishna.json
R. N. Thyagarajan,37,13021,Carnatic,Carnatic/artist/R. N. Thyagarajan.json
D. Pasupathi,212,113782,Carnatic,Carnatic/artist/D. Pasupathi.json
Prasanna Venkataraman,341,328781,Carnatic,Carnatic/artist/Prasanna Venkataraman.json
Seethalapathi Balasubramaniam,176,128442,Carnatic,Carnatic/artist/Seethalapathi Balasubramaniam.json
Durga Krishnan,13,38158,Carnatic,Carnatic/artist/Durga Krishnan.json
Budaloor Krishnamurthy Shastri,56,100136,Carnatic,Carnatic/artist/Budaloor Krishnamurthy Shastri.json
R. N. Tharanathan,2,299,Carnatic,Carnatic/artist/R. N. Tharanathan.json
Anahita Apoorva,955,4515024,Carnatic,Carnatic/artist/Anahita Apoorva.json
Parassala B. Ponnammal,435,346116,Carnatic,Carnatic/artist/Parassala B. Ponnammal.json
Papa K. S. Venkataramaiah,103,84232,Carnatic,Carnatic/artist/Papa K. S. Venkataramaiah.json
Sembanarkoil Brothers,42,45180,Carnatic,Carnatic/artist/Sembanarkoil Brothers.json
Prema Hariharan,24,6562,Carnatic,Carnatic/artist/Prema Hariharan.json
Geetha Ramanand,64,14521,Carnatic,Carnatic/artist/Geetha Ramanand.json
B. Vijayagopal,47,11672,Carnatic,Carnatic/artist/B. Vijayagopal.json
Kruthi Bhat,352,2724230,Carnatic,Carnatic/artist/Kruthi Bhat.json
Palani Subramaniam Pillai,123,444739,Carnatic,Carnatic/artist/Palani Subramaniam Pillai.json
V. K. Arun Kumar,16,14557,Carnatic,Carnatic/artist/V. K. Arun Kumar.json
Sulochana Pattabhiraman,43,28008,Carnatic,Carnatic/artist/Sulochana Pattabhiraman.json
N. Ramani,2227,48876070,Carnatic,Carnatic/artist/N. Ramani.json
H. K. Narasimha Murthy,61,34537,Carnatic,Carnatic/artist/H. K. Narasimha Murthy.json
R. S. Jayalakshmi,185,780861,Carnatic,Carnatic/artist/R. S. Jayalakshmi.json
Palghat Rama Bhagavathar,26,64994,Carnatic,Carnatic/artist/Palghat Rama Bhagavathar.json
Bharat Sundar,1359,4416569,Carnatic,Carnatic/artist/Bharat Sundar.json
Thirupampuram N. Swaminathan,24,27141,Carnatic,Carnatic/artist/Thirupampuram N. Swaminathan.json
M. S. Anantharaman,103,40020,Carnatic,Carnatic/artist/M. S. Anantharaman.json
R. K. Suryanarayana,85,33891,Carnatic,Carnatic/artist/R. K. Suryanarayana.json
Seetha Narayanan,200,105763,Carnatic,Carnatic/artist/Seetha Narayanan.json
Akshay Anand,20,79313,Carnatic,Carnatic/artist/Akshay Anand.json
Sembanarkoil SRD Vaidyanathan,1,925,Carnatic,Carnatic/artist/Sembanarkoil SRD Vaidyanathan.json
Sikkil R. Bhaskaran,143,26218,Carnatic,Carnatic/artist/Sikkil R. Bhaskaran.json
Injikudi E. M. Subramaniam,273,775041,Carnatic,Carnatic/artist/Injikudi E. M. Subramaniam.json
R. K. Padmanabha,242,433409,Carnatic,Carnatic/artist/R. K. Padmanabha.json
Palghat Kunjumani,6,12941,Carnatic,Carnatic/artist/Palghat Kunjumani.json
Ganapathyraman,34,46767,Carnatic,Carnatic/artist/Ganapathyraman.json
Ambikapuram Sivaraman,126,188388,Carnatic,Carnatic/artist/Ambikapuram Sivaraman.json
Palladam Ravi,5,814,Carnatic,Carnatic/artist/Palladam Ravi.json
L. Ramakrishnan,64,399473,Carnatic,Carnatic/artist/L. Ramakrishnan.json
Mysore Chandan Kumar,324,275105,Carnatic,Carnatic/artist/Mysore Chandan Kumar.json
Amrutha Venkatesh,1447,7427701,Carnatic,Carnatic/artist/Amrutha Venkatesh.json
Palladam S. Venkataramana Rao,106,98171,Carnatic,Carnatic/artist/Palladam S. Venkataramana Rao.json
K. Krishnakumar,92,643401,Carnatic,Carnatic/artist/K. Krishnakumar.json
N. Guruprasad,18,56645,Carnatic,Carnatic/artist/N. Guruprasad.json
V. L. Vedagiri,11,900,Carnatic,Carnatic/artist/V. L. Vedagiri.json
Namagiripettai Krishnan,499,4065283,Carnatic,Carnatic/artist/Namagiripettai Krishnan.json
Radha Viswanathan,48,467344,Carnatic,Carnatic/artist/Radha Viswanathan.json
Anantha R. Krishnan,80,327696,Carnatic,Carnatic/artist/Anantha R. Krishnan.json
Tadepalli Lokanatha Sarma,46,17681,Carnatic,Carnatic/artist/Tadepalli Lokanatha Sarma.json
Savita Sreeram,266,697234,Carnatic,Carnatic/artist/Savita Sreeram.json
N. S. Kalyanaraman,13,2545,Carnatic,Carnatic/artist/N. S. Kalyanaraman.json
U. Rajesh,358,7380903,Carnatic,Carnatic/artist/U. Rajesh.json
Semmangudi Srinivasa Iyer,6681,17546491,Carnatic,Carnatic/artist/Semmangudi Srinivasa Iyer.json
Bhairavi Malavi,46,82220,Carnatic,Carnatic/artist/Bhairavi Malavi.json
Allepy Venkatesan,156,89620,Carnatic,Carnatic/artist/Allepy Venkatesan.json
K. J. Dileep,73,99633,Carnatic,Carnatic/artist/K. J. Dileep.json
Vidhya Raghavan,24,28115,Carnatic,Carnatic/artist/Vidhya Raghavan.json
Palghat Raghu,211,794503,Carnatic,Carnatic/artist/Palghat Raghu.json
Uma Geetha,21,10321,Carnatic,Carnatic/artist/Uma Geetha.json
Lalgudi Jayaraman,2737,10729598,Carnatic,Carnatic/artist/Lalgudi Jayaraman.json
S. Krishna,13,96586,Carnatic,Carnatic/artist/S. Krishna.json
V. Muthukumar,43,26906,Carnatic,Carnatic/artist/V. Muthukumar.json
Sengottai Hari,177,1038174,Carnatic,Carnatic/artist/Sengottai Hari.json
Ranganatha Chakravarthy,8,1564,Carnatic,Carnatic/artist/Ranganatha Chakravarthy.json
Krithika Natarajan,138,178318,Carnatic,Carnatic/artist/Krithika Natarajan.json
T. Muktha,235,235266,Carnatic,Carnatic/artist/T. Muktha.json
Desur DSD Selvarathinam,135,195982,Carnatic,Carnatic/artist/Desur DSD Selvarathinam.json
S. Srinivasan,13,3827,Carnatic,Carnatic/artist/S. Srinivasan.json
M. Dandapani Desikar,306,4131574,Carnatic,Carnatic/artist/M. Dandapani Desikar.json
Mathur Srinidhi,25,12016,Carnatic,Carnatic/artist/Mathur Srinidhi.json
Heramb Hemanth,153,571455,Carnatic,Carnatic/artist/Heramb Hemanth.json
A. Durga Prasad,274,202466,Carnatic,Carnatic/artist/A. Durga Prasad.json
Yella Venkateswara Rao,147,189561,Carnatic,Carnatic/artist/Yella Venkateswara Rao.json
Veenai Dhanammal,66,278093,Carnatic,Carnatic/artist/Veenai Dhanammal.json
Priya Sisters,2054,151863168,Carnatic,Carnatic/artist/Priya Sisters.json
S. P. Natarajan,28,5203,Carnatic,Carnatic/artist/S. P. Natarajan.json
T. N. Seshagopalan,5211,6265002,Carnatic,Carnatic/artist/T. N. Seshagopalan.json
Ambalapuzha Brothers,20,9183,Carnatic,Carnatic/artist/Ambalapuzha Brothers.json
Kothapalli Vandana,106,116824,Carnatic,Carnatic/artist/Kothapalli Vandana.json
Thiruparkadal S. Veeraraghavan,10,76,Carnatic,Carnatic/artist/Thiruparkadal S. Veeraraghavan.json
Sharanya Krishnan,5,3652,Carnatic,Carnatic/artist/Sharanya Krishnan.json
S. Rajam,820,235689,Carnatic,Carnatic/artist/S. Rajam.json
Lalgudi G. J. R. Krishnan,206,579568,Carnatic,Carnatic/artist/Lalgudi G. J. R. Krishnan.json
M. S. Subbulakshmi,9938,543524553,Carnatic,Carnatic/artist/M. S. Subbulakshmi.json
Toronto Brothers,32,161938,Carnatic,Carnatic/artist/Toronto Brothers.json
P. S. Narayanaswamy,180,176398,Carnatic,Carnatic/artist/P. S. Narayanaswamy.json
S. Prema S. Jaya,17,11075,Carnatic,Carnatic/artist/S. Prema S. Jaya.json
Ram Kaushik,159,224970,Carnatic,Carnatic/artist/Ram Kaushik.json
V. Bharath Kumar,21,15440,Carnatic,Carnatic/artist/V. Bharath Kumar.json
V. Sankaranarayanan,119,60169,Carnatic,Carnatic/artist/V. Sankaranarayanan.json
Thirumeignanam Brothers,62,127588,Carnatic,Carnatic/artist/Thirumeignanam Brothers.json
Kalyani Menon,34,148302,Carnatic,Carnatic/artist/Kalyani Menon.json
V. Nagarajan,3,2608,Carnatic,Carnatic/artist/V. Nagarajan.json
B. Muthukumar,27,7874,Carnatic,Carnatic/artist/B. Muthukumar.json
Chittoor Nagaiah,3,15038,Carnatic,Carnatic/artist/Chittoor Nagaiah.json
Pudukottai Mahadevan,3,6046,Carnatic,Carnatic/artist/Pudukottai Mahadevan.json
V. R. Dileep Kumar,716,134518,Carnatic,Carnatic/artist/V. R. Dileep Kumar.json
Thiruvengadu Jayaraman,97,27853,Carnatic,Carnatic/artist/Thiruvengadu Jayaraman.json
Kallidaikurichi S. Sivakumar,12,18390,Carnatic,Carnatic/artist/Kallidaikurichi S. Sivakumar.json
Sandhyavandanam Srinivasa Rao,186,139340,Carnatic,Carnatic/artist/Sandhyavandanam Srinivasa Rao.json
N. Sashikiran,42,81975,Carnatic,Carnatic/artist/N. Sashikiran.json
K. S. Kalidas,13,15658,Carnatic,Carnatic/artist/K. S. Kalidas.json
Atul Kumar,40,11214,Carnatic,Carnatic/artist/Atul Kumar.json
Deekshita Venkataraman,152,205255,Carnatic,Carnatic/artist/Deekshita Venkataraman.json
R. K. Shriramkumar,221,578787,Carnatic,Carnatic/artist/R. K. Shriramkumar.json
T. M. Krishna,4623,47105693,Carnatic,Carnatic/artist/T. M. Krishna.json
S. Saundarya,28,46635,Carnatic,Carnatic/artist/S. Saundarya.json
H. N. Bhaskar,31,74182,Carnatic,Carnatic/artist/H. N. Bhaskar.json
B. Rajam Iyer,187,74896,Carnatic,Carnatic/artist/B. Rajam Iyer.json
Vizianagaram Vardhani,103,84356,Carnatic,Carnatic/artist/Vizianagaram Vardhani.json
Sukanya Ramgopal,57,408365,Carnatic,Carnatic/artist/Sukanya Ramgopal.json
R. Visweswaran,125,53046,Carnatic,Carnatic/artist/R. Visweswaran.json
Madurai Srirangam Iyengar,75,41223,Carnatic,Carnatic/artist/Madurai Srirangam Iyengar.json
T. V. Ramprasad,249,199888,Carnatic,Carnatic/artist/T. V. Ramprasad.json
Suguna Varadachari,746,633229,Carnatic,Carnatic/artist/Suguna Varadachari.json
Rahul Narayan,2,1374,Carnatic,Carnatic/artist/Rahul Narayan.json
R. Prasanna,148,2633761,Carnatic,Carnatic/artist/R. Prasanna.json
Subha Ganesan,58,23511,Carnatic,Carnatic/artist/Subha Ganesan.json
Madurai Kesava Bhagavathar,5,191,Carnatic,Carnatic/artist/Madurai Kesava Bhagavathar.json
T. K. Jayarama Iyer,14,7436,Carnatic,Carnatic/artist/T. K. Jayarama Iyer.json
Sirkazhi Jayaraman,1,3926,Carnatic,Carnatic/artist/Sirkazhi Jayaraman.json
Thirumeignanam Natarajasundaram,20,46071,Carnatic,Carnatic/artist/Thirumeignanam Natarajasundaram.json
Salem Chellam Iyengar,8,3556,Carnatic,Carnatic/artist/Salem Chellam Iyengar.json
Umayalpuram Mali,21,20130,Carnatic,Carnatic/artist/Umayalpuram Mali.json
A. Kanyakumari,1375,14578662,Carnatic,Carnatic/artist/A. Kanyakumari.json
Ananya Ashok,212,7617289,Carnatic,Carnatic/artist/Ananya Ashok.json
Calcutta K. S. Krishnamurti,4,5721,Carnatic,Carnatic/artist/Calcutta K. S. Krishnamurti.json
Karaikudi Sambasiva Iyer,30,46887,Carnatic,Carnatic/artist/Karaikudi Sambasiva Iyer.json
Visalakshi Nityanand,502,144149,Carnatic,Carnatic/artist/Visalakshi Nityanand.json
Vijay Natesan,14,82842,Carnatic,Carnatic/artist/Vijay Natesan.json
Carnatica Brothers,237,372939,Carnatic,Carnatic/artist/Carnatica Brothers.json
Prameela Gurumurthy,60,12489,Carnatic,Carnatic/artist/Prameela Gurumurthy.json
T. S. Nandakumar,4,2914,Carnatic,Carnatic/artist/T. S. Nandakumar.json
V. Venkatanagarajan,484,837800,Carnatic,Carnatic/artist/V. Venkatanagarajan.json
Karaikudi Mani,588,2343686,Carnatic,Carnatic/artist/Karaikudi Mani.json
K. Arun Prakash,57,200546,Carnatic,Carnatic/artist/K. Arun Prakash.json
Avaneeswaram S. R. Vinu,81,103007,Carnatic,Carnatic/artist/Avaneeswaram S. R. Vinu.json
C. N. Chandrashekar,20,8509,Carnatic,Carnatic/artist/C. N. Chandrashekar.json
Bhushany Kalyanaraman,287,661037,Carnatic,Carnatic/artist/Bhushany Kalyanaraman.json
Vikku Vinayakram,154,8399990,Carnatic,Carnatic/artist/Vikku Vinayakram.json
Mangalam Shankar,94,43680,Carnatic,Carnatic/artist/Mangalam Shankar.json
A. K. Palanivel,49,449008,Carnatic,Carnatic/artist/A. K. Palanivel.json
Bhuvana Lalitha,2,509,Carnatic,Carnatic/artist/Bhuvana Lalitha.json
Mavelikara Subramaniam,122,44018,Carnatic,Carnatic/artist/Mavelikara Subramaniam.json
B. Ananthakrishnan,28,40006,Carnatic,Carnatic/artist/B. Ananthakrishnan.json
A. Narayana Iyer,14,4259,Carnatic,Carnatic/artist/A. Narayana Iyer.json
Dwaram Venkata Naidu,372,274069,Carnatic,Carnatic/artist/Dwaram Venkata Naidu.json
Vellore A. R. Srinivasan,1354,172712,Carnatic,Carnatic/artist/Vellore A. R. Srinivasan.json
Sriram Parasuram,338,559069,Carnatic,Carnatic/artist/Sriram Parasuram.json
Thirupampuram Brothers,32,398523,Carnatic,Carnatic/artist/Thirupampuram Brothers.json
Iyer Brothers,111,102989,Carnatic,Carnatic/artist/Iyer Brothers.json
Aruna Sairam,3091,51599854,Carnatic,Carnatic/artist/Aruna Sairam.json
Ramnad Raghavan,5,17488,Carnatic,Carnatic/artist/Ramnad Raghavan.json
Thamarakkad Govindan Namboothiri,299,364283,Carnatic,Carnatic/artist/Thamarakkad Govindan Namboothiri.json
R. Pitchumani,82,130919,Carnatic,Carnatic/artist/R. Pitchumani.json
C. K. Ramachandran,58,33516,Carnatic,Carnatic/artist/C. K. Ramachandran.json
Sheik Chinna Moulana,735,19845132,Carnatic,Carnatic/artist/Sheik Chinna Moulana.json
Shankari Krishnan,218,184539,Carnatic,Carnatic/artist/Shankari Krishnan.json
D. K. Pattammal,3122,14329979,Carnatic,Carnatic/artist/D. K. Pattammal.json
T. R. Sundaresan,19,17706,Carnatic,Carnatic/artist/T. R. Sundaresan.json
Akshay Anantapadmanabhan,63,726975,Carnatic,Carnatic/artist/Akshay Anantapadmanabhan.json
G. Srikanth,230,218242,Carnatic,Carnatic/artist/G. Srikanth.json
Sikkil Neela,10,686,Carnatic,Carnatic/artist/Sikkil Neela.json
BV Raman BV Lakshmanan,640,303318,Carnatic,Carnatic/artist/BV Raman BV Lakshmanan.json
S. R. Janakiraman,181,284635,Carnatic,Carnatic/artist/S. R. Janakiraman.json
Charumathi Raghuraman,165,2663416,Carnatic,Carnatic/artist/Charumathi Raghuraman.json
Trichur C. Narendran,61,66087,Carnatic,Carnatic/artist/Trichur C. Narendran.json
E. Gayathri,1258,15695132,Carnatic,Carnatic/artist/E. Gayathri.json
D. Balakrishna,143,354775,Carnatic,Carnatic/artist/D. Balakrishna.json
Kalavathy Avadhoot,123,108205,Carnatic,Carnatic/artist/Kalavathy Avadhoot.json
Malladi Narayana Sarma,461,102050,Carnatic,Carnatic/artist/Malladi Narayana Sarma.json
Rajeswari Padmanabhan,61,74538,Carnatic,Carnatic/artist/Rajeswari Padmanabhan.json
Kasturi Rangan,73,123316,Carnatic,Carnatic/artist/Kasturi Rangan.json
Vedaranyam Vedamurthy,104,98540,Carnatic,Carnatic/artist/Vedaranyam Vedamurthy.json
Trichur C. Rajendran,16,2396,Carnatic,Carnatic/artist/Trichur C. Rajendran.json
V. V. Srinivasa Rao,39,3473,Carnatic,Carnatic/artist/V. V. Srinivasa Rao.json
B. C. Manjunath,48,947001,Carnatic,Carnatic/artist/B. C. Manjunath.json
M. S. Balasubramanya Sharma,106,90637,Carnatic,Carnatic/artist/M. S. Balasubramanya Sharma.json
Thanjavur Murugaboopathi,15,36924,Carnatic,Carnatic/artist/Thanjavur Murugaboopathi.json
Kunnakudi Vaidyanathan,950,45891561,Carnatic,Carnatic/artist/Kunnakudi Vaidyanathan.json
T. S. Sathyavathi,345,557714,Carnatic,Carnatic/artist/T. S. Sathyavathi.json
Trichy Sankaran,231,1552180,Carnatic,Carnatic/artist/Trichy Sankaran.json
Nagai Muralidharan,103,92731,Carnatic,Carnatic/artist/Nagai Muralidharan.json
S. D. Sridhar,1,8386,Carnatic,Carnatic/artist/S. D. Sridhar.json
Voleti Venkateswarlu,1412,2025291,Carnatic,Carnatic/artist/Voleti Venkateswarlu.json
Trichur V. Ramachandran,1255,946027,Carnatic,Carnatic/artist/Trichur V. Ramachandran.json
K. S. Narayanaswamy,192,131043,Carnatic,Carnatic/artist/K. S. Narayanaswamy.json
Rangaramanuja Ayyangar,18,13045,Carnatic,Carnatic/artist/Rangaramanuja Ayyangar.json
G. Harishankar,65,109464,Carnatic,Carnatic/artist/G. Harishankar.json
L. Shankar,62,1630828,Carnatic,Carnatic/artist/L. Shankar.json
Maruthi Prasad,397,85350,Carnatic,Carnatic/artist/Maruthi Prasad.json
Subhashree Ramachandran,75,31775,Carnatic,Carnatic/artist/Subhashree Ramachandran.json
Thiruvizha Jayashankar,244,192639376,Carnatic,Carnatic/artist/Thiruvizha Jayashankar.json
Neyveli Santhanagopalan,1044,6393532,Carnatic,Carnatic/artist/Neyveli Santhanagopalan.json
Rajna Swaminathan,2,7185,Carnatic,Carnatic/artist/Rajna Swaminathan.json
M. A. Kalyanakrishna Bhagavathar,87,95795,Carnatic,Carnatic/artist/M. A. Kalyanakrishna Bhagavathar.json
Akshay Padmanabhan,118,107196,Carnatic,Carnatic/artist/Akshay Padmanabhan.json
T. Ranganathan,10,112406,Carnatic,Carnatic/artist/T. Ranganathan.json
Emani Sankara Sastry,397,541566,Carnatic,Carnatic/artist/Emani Sankara Sastry.json
Prapancham Sitaram,38,11184,Carnatic,Carnatic/artist/Prapancham Sitaram.json
M. A. Krishnaswamy,60,12239,Carnatic,Carnatic/artist/M. A. Krishnaswamy.json
A. V. Anand,7,1883,Carnatic,Carnatic/artist/A. V. Anand.json
T. R. Subramaniam,931,493553,Carnatic,Carnatic/artist/T. R. Subramaniam.json
Thanjavur K. P. Sivanandam,105,23443,Carnatic,Carnatic/artist/Thanjavur K. P. Sivanandam.json
Sriram Parthasarathy,334,2730068,Carnatic,Carnatic/artist/Sriram Parthasarathy.json
Burra Sriram,12,4471,Carnatic,Carnatic/artist/Burra Sriram.json
Mysore Manjunath,148,345843,Carnatic,Carnatic/artist/Mysore Manjunath.json
U. Srinivas,3836,33085336,Carnatic,Carnatic/artist/U. Srinivas.json
Rama Raghuraman,46,71102,Carnatic,Carnatic/artist/Rama Raghuraman.json
Sikkil Sisters,468,456389,Carnatic,Carnatic/artist/Sikkil Sisters.json
Thuraiyur Rajagopala Sharma,37,28323,Carnatic,Carnatic/artist/Thuraiyur Rajagopala Sharma.json
M. S. Sheela,1036,2790651,Carnatic,Carnatic/artist/M. S. Sheela.json
Aruna Ranganathan,27,25247,Carnatic,Carnatic/artist/Aruna Ranganathan.json
T. R. Navaneetham,8,6069,Carnatic,Carnatic/artist/T. R. Navaneetham.json
Thanjavur Krishnamurthy Rao,16,117344,Carnatic,Carnatic/artist/Thanjavur Krishnamurthy Rao.json
Baradwaj Raman,37,17931,Carnatic,Carnatic/artist/Baradwaj Raman.json
Cherthala K. N. Renganatha Sharma,1015,1533992,Carnatic,Carnatic/artist/Cherthala K. N. Renganatha Sharma.json
Sivagangai Mohan,67,11530,Carnatic,Carnatic/artist/Sivagangai Mohan.json
R. Suryaprakash,676,1791846,Carnatic,Carnatic/artist/R. Suryaprakash.json
Nookala Chinna Satyanarayana,477,2723721,Carnatic,Carnatic/artist/Nookala Chinna Satyanarayana.json
Jon B. Higgins,183,1290299,Carnatic,Carnatic/artist/Jon B. Higgins.json
Tripunithara Radhakrishnan,60,947708,Carnatic,Carnatic/artist/Tripunithara Radhakrishnan.json
Madras A. Kannan,12,17133,Carnatic,Carnatic/artist/Madras A. Kannan.json
J. B. Keerthana,334,1126117,Carnatic,Carnatic/artist/J. B. Keerthana.json
Palghat R. Ramprasad,821,2623758,Carnatic,Carnatic/artist/Palghat R. Ramprasad.json
Prema Rangarajan,1048,224510,Carnatic,Carnatic/artist/Prema Rangarajan.json
Kunnakudi M. Balamuralikrishna,924,4067336,Carnatic,Carnatic/artist/Kunnakudi M. Balamuralikrishna.json
S. Balachander,419,1443876,Carnatic,Carnatic/artist/S. Balachander.json
P. Vasanth Kumar,47,11781,Carnatic,Carnatic/artist/P. Vasanth Kumar.json
Jayanthi Kumaresh,995,17206735,Carnatic,Carnatic/artist/Jayanthi Kumaresh.json
Malladi Sreeramprasad,6,874,Carnatic,Carnatic/artist/Malladi Sreeramprasad.json
T. V. Sankaranarayanan,3620,2760671,Carnatic,Carnatic/artist/T. V. Sankaranarayanan.json
R. Raghul,54,43530,Carnatic,Carnatic/artist/R. Raghul.json
Suma Sudhindra,192,222354,Carnatic,Carnatic/artist/Suma Sudhindra.json
Charumathi Ramachandran,150,422412,Carnatic,Carnatic/artist/Charumathi Ramachandran.json
Desur S. Sethuraman,5,18600,Carnatic,Carnatic/artist/Desur S. Sethuraman.json
V. Sethuramaiah,13,867,Carnatic,Carnatic/artist/V. Sethuramaiah.json
Sumithra Vasudev,661,1114432,Carnatic,Carnatic/artist/Sumithra Vasudev.json
Chingleput Ranganathan,19,19894,Carnatic,Carnatic/artist/Chingleput Ranganathan.json
Baby Sreeram,419,772708,Carnatic,Carnatic/artist/Baby Sreeram.json
S. Karthick,133,147120,Carnatic,Carnatic/artist/S. Karthick.json
T. N. Krishnan,1576,2966341,Carnatic,Carnatic/artist/T. N. Krishnan.json
Thanjavur Kumar,20,12694,Carnatic,Carnatic/artist/Thanjavur Kumar.json
Prince Rama Varma,2840,18850342,Carnatic,Carnatic/artist/Prince Rama Varma.json
Ganesh Rajagopalan,24,131384,Carnatic,Carnatic/artist/Ganesh Rajagopalan.json
Mukunda Sarma,17,2448,Carnatic,Carnatic/artist/Mukunda Sarma.json
H. M. Smitha,43,164246,Carnatic,Carnatic/artist/H. M. Smitha.json
K. V. Gopalakrishnan,9,192608,Carnatic,Carnatic/artist/K. V. Gopalakrishnan.json
M. L. Vasanthakumari,8078,23233713,Carnatic,Carnatic/artist/M. L. Vasanthakumari.json
Thiruvallur Subrahmanyam,2,19078,Carnatic,Carnatic/artist/Thiruvallur Subrahmanyam.json
Vani Sateesh,89,337686,Carnatic,Carnatic/artist/Vani Sateesh.json
Kazhugumalai Kandasamy,9,3292,Carnatic,Carnatic/artist/Kazhugumalai Kandasamy.json
Akella Mallikarjuna Sharma,9,130225,Carnatic,Carnatic/artist/Akella Mallikarjuna Sharma.json
K. R. Kedarnathan,17,20640,Carnatic,Carnatic/artist/K. R. Kedarnathan.json
P. Unnikrishnan,979,53695853,Carnatic,Carnatic/artist/P. Unnikrishnan.json
Ashwin Anand,105,217503,Carnatic,Carnatic/artist/Ashwin Anand.json
T.R. Govindarajan,4,22596,Carnatic,Carnatic/artist/T.R. Govindarajan.json
M. K. Pranesh,33,14068,Carnatic,Carnatic/artist/M. K. Pranesh.json
Nirmala Rajasekar,160,180025,Carnatic,Carnatic/artist/Nirmala Rajasekar.json
Kaleeshabi Subhani,4,732,Carnatic,Carnatic/artist/Kaleeshabi Subhani.json
Sangeetha Swaminathan,284,234045,Carnatic,Carnatic/artist/Sangeetha Swaminathan.json
Vittal Rangan,57,107673,Carnatic,Carnatic/artist/Vittal Rangan.json
Srirangam Kannan,2,23955,Carnatic,Carnatic/artist/Srirangam Kannan.json
Neyveli Skandasubramaniam,16,1309,Carnatic,Carnatic/artist/Neyveli Skandasubramaniam.json
Umayalpuram Kodandarama Iyer,5,48949,Carnatic,Carnatic/artist/Umayalpuram Kodandarama Iyer.json
Arjun Kumar,30,205819,Carnatic,Carnatic/artist/Arjun Kumar.json
Rudrapatnam Brothers,516,242620,Carnatic,Carnatic/artist/Rudrapatnam Brothers.json
Ananthalakshmi Sadagopan,111,91233,Carnatic,Carnatic/artist/Ananthalakshmi Sadagopan.json
K. V. Narayanaswamy,6942,10627474,Carnatic,Carnatic/artist/K. V. Narayanaswamy.json
Alathur Sivasubramania Iyer,2,4441,Carnatic,Carnatic/artist/Alathur Sivasubramania Iyer.json
Chalakudy Narayanaswamy,54,8582,Carnatic,Carnatic/artist/Chalakudy Narayanaswamy.json
Neela Ramgopal,1199,458139,Carnatic,Carnatic/artist/Neela Ramgopal.json
M. S. Padma,1,201,Carnatic,Carnatic/artist/M. S. Padma.json
Ravichandra Kulur,113,278263,Carnatic,Carnatic/artist/Ravichandra Kulur.json
Malladi Suribabu,332,1999735,Carnatic,Carnatic/artist/Malladi Suribabu.json
Tiruvidaimaruthur Veeraswami Pillai,21,7599,Carnatic,Carnatic/artist/Tiruvidaimaruthur Veeraswami Pillai.json
S. Ramakanth,103,61525,Carnatic,Carnatic/artist/S. Ramakanth.json
Neyyattinkara Vasudevan,560,1208479,Carnatic,Carnatic/artist/Neyyattinkara Vasudevan.json
Sikkil Gurucharan,2169,10986028,Carnatic,Carnatic/artist/Sikkil Gurucharan.json
T. H. Subramaniam,354,311219,Carnatic,Carnatic/artist/T. H. Subramaniam.json
Ambi Subramaniam,220,4656943,Carnatic,Carnatic/artist/Ambi Subramaniam.json
Mannargudi Easwaran,49,177203,Carnatic,Carnatic/artist/Mannargudi Easwaran.json
Mambalam MKS Natarajan,9,15702,Carnatic,Carnatic/artist/Mambalam MKS Natarajan.json
Trivandrum R. Venkataraman,54,56178,Carnatic,Carnatic/artist/Trivandrum R. Venkataraman.json
Melakaveri Balaji,20,30988,Carnatic,Carnatic/artist/Melakaveri Balaji.json
N. Manoj Siva,23,25602,Carnatic,Carnatic/artist/N. Manoj Siva.json
Patri Satish Kumar,154,24063296,Carnatic,Carnatic/artist/Patri Satish Kumar.json
K. Gayathri,695,1276370,Carnatic,Carnatic/artist/K. Gayathri.json
Mysore Nagamani Srinath,532,1507324,Carnatic,Carnatic/artist/Mysore Nagamani Srinath.json
K. S. Gopalakrishnan,1052,984132,Carnatic,Carnatic/artist/K. S. Gopalakrishnan.json
Madurai Somu,2556,8034681,Carnatic,Carnatic/artist/Madurai Somu.json
T. K. Rangachari,373,217945,Carnatic,Carnatic/artist/T. K. Rangachari.json
Charulatha Ramanujam,40,20898,Carnatic,Carnatic/artist/Charulatha Ramanujam.json
Tiger Varadachariar,65,58648,Carnatic,Carnatic/artist/Tiger Varadachariar.json
Sriranjani Santhanagopalan,867,7714030,Carnatic,Carnatic/artist/Sriranjani Santhanagopalan.json
Vasudha Keshav,60,33621,Carnatic,Carnatic/artist/Vasudha Keshav.json
T. K. Govindarao,347,222294,Carnatic,Carnatic/artist/T. K. Govindarao.json
Pattabhirama Pandit,313,354829,Carnatic,Carnatic/artist/Pattabhirama Pandit.json
Bhuvana Rajagopal,7,4100,Carnatic,Carnatic/artist/Bhuvana Rajagopal.json
B. U. Ganesh Prasad,74,72592,Carnatic,Carnatic/artist/B. U. Ganesh Prasad.json
Ashwath Narayanan,661,1939508,Carnatic,Carnatic/artist/Ashwath Narayanan.json
Lalgudi Vijayalakshmi,168,415605,Carnatic,Carnatic/artist/Lalgudi Vijayalakshmi.json
Vidya Kalyanaraman,550,1118430,Carnatic,Carnatic/artist/Vidya Kalyanaraman.json
Ramakrishnan Murthy,1647,22533343,Carnatic,Carnatic/artist/Ramakrishnan Murthy.json
S. Saketharaman,966,1755514,Carnatic,Carnatic/artist/S. Saketharaman.json
Edappally Ajith Kumar,94,143172,Carnatic,Carnatic/artist/Edappally Ajith Kumar.json
J. Vaidyanathan,29,60197,Carnatic,Carnatic/artist/J. Vaidyanathan.json
V. V. S. Murari,73,65647,Carnatic,Carnatic/artist/V. V. S. Murari.json
Amith Nadig,203,262678,Carnatic,Carnatic/artist/Amith Nadig.json
Chitravina Ravikiran,1214,4365335,Carnatic,Carnatic/artist/Chitravina Ravikiran.json
Sayee Rakshit,23,109185,Carnatic,Carnatic/artist/Sayee Rakshit.json
N. Kiranavali,70,158653,Carnatic,Carnatic/artist/N. Kiranavali.json
Neyveli B. Venkatesh,28,305734,Carnatic,Carnatic/artist/Neyveli B. Venkatesh.json
Mysore Nagaraj,95,127121,Carnatic,Carnatic/artist/Mysore Nagaraj.json
Poongulam S. Subramanian,7,13563,Carnatic,Carnatic/artist/Poongulam S. Subramanian.json
Papanasam Ashok Ramani,110,94815,Carnatic,Carnatic/artist/Papanasam Ashok Ramani.json
Kalpakam Swaminathan,193,165566,Carnatic,Carnatic/artist/Kalpakam Swaminathan.json
Mahadevan Sankaranarayanan,68,67792,Carnatic,Carnatic/artist/Mahadevan Sankaranarayanan.json
Bangalore S. Shankar,362,9448665,Carnatic,Carnatic/artist/Bangalore S. Shankar.json
Radha Venkatachalam,24,8503,Carnatic,Carnatic/artist/Radha Venkatachalam.json
Bombay Jayashri,1859,96377674,Carnatic,Carnatic/artist/Bombay Jayashri.json
Tumkur B. Ravishankar,10,11914,Carnatic,Carnatic/artist/Tumkur B. Ravishankar.json
Peri Srirama Murthy,7,866,Carnatic,Carnatic/artist/Peri Srirama Murthy.json
Ranjani Hebbar,124,1577780,Carnatic,Carnatic/artist/Ranjani Hebbar.json
Malladi Brothers,3423,11431523,Carnatic,Carnatic/artist/Malladi Brothers.json
Nalina Mohan,32,38080,Carnatic,Carnatic/artist/Nalina Mohan.json
Seetha Rajan,385,1147004,Carnatic,Carnatic/artist/Seetha Rajan.json
Madurai R. Sundar,77,96459,Carnatic,Carnatic/artist/Madurai R. Sundar.json
Puducode Krishnamoorthy,244,132932,Carnatic,Carnatic/artist/Puducode Krishnamoorthy.json
V. Selvaganesh,28,430819,Carnatic,Carnatic/artist/V. Selvaganesh.json
Vairamangalam Lakshmi Narayanan,132,80166,Carnatic,Carnatic/artist/Vairamangalam Lakshmi Narayanan.json
Deepika Venkatraman,9,33813,Carnatic,Carnatic/artist/Deepika Venkatraman.json
Kalyani Ganesan,36,10657,Carnatic,Carnatic/artist/Kalyani Ganesan.json
Chandrasekhara Sharma,9,42117,Carnatic,Carnatic/artist/Chandrasekhara Sharma.json
Chittoor Subramaniam Pillai,249,145412,Carnatic,Carnatic/artist/Chittoor Subramaniam Pillai.json
U. P. Raju,229,1107271,Carnatic,Carnatic/artist/U. P. Raju.json
Sankaran Namboothiri,1401,11448415,Carnatic,Carnatic/artist/Sankaran Namboothiri.json
K. Ramamurthy,15,2876,Carnatic,Carnatic/artist/K. Ramamurthy.json
Rohini Venkatachalam,4,423,Carnatic,Carnatic/artist/Rohini Venkatachalam.json
Vittal Ramamurthy,159,445449,Carnatic,Carnatic/artist/Vittal Ramamurthy.json
Embar Kannan,84,543794,Carnatic,Carnatic/artist/Embar Kannan.json
S. Mahathi,429,1220528,Carnatic,Carnatic/artist/S. Mahathi.json
Kalyanapuram S. Aravind,476,638932,Carnatic,Carnatic/artist/Kalyanapuram S. Aravind.json
Bhanu Kannan,6,210,Carnatic,Carnatic/artist/Bhanu Kannan.json
Rajeev Mukundan,13,2760,Carnatic,Carnatic/artist/Rajeev Mukundan.json
K. B. Sundarambal,131,1805503,Carnatic,Carnatic/artist/K. B. Sundarambal.json
V. L. Kumar,50,45873,Carnatic,Carnatic/artist/V. L. Kumar.json
R. Vedavalli,1309,47305452,Carnatic,Carnatic/artist/R. Vedavalli.json
Viji Krishnan,25,65178,Carnatic,Carnatic/artist/Viji Krishnan.json
Poorna Pragnya Rao,19,4708,Carnatic,Carnatic/artist/Poorna Pragnya Rao.json
Kandadevi Alagiriswamy,7,133,Carnatic,Carnatic/artist/Kandadevi Alagiriswamy.json
Nerkunam Sankar,22,48565,Carnatic,Carnatic/artist/Nerkunam Sankar.json
Desur Brothers,116,168921,Carnatic,Carnatic/artist/Desur Brothers.json
Madrimangalam S. Swaminathan,7,2569,Carnatic,Carnatic/artist/Madrimangalam S. Swaminathan.json
K. M. Soundaravalli,1,12,Carnatic,Carnatic/artist/K. M. Soundaravalli.json
V. Thiagarajan,5,780,Carnatic,Carnatic/artist/V. Thiagarajan.json
M. R. Gopinath,42,8668,Carnatic,Carnatic/artist/M. R. Gopinath.json
T. Viswanathan,260,193431,Carnatic,Carnatic/artist/T. Viswanathan.json
Chitti Babu,1321,4139099,Carnatic,Carnatic/artist/Chitti Babu.json
T. S. Sankaran,49,37891,Carnatic,Carnatic/artist/T. S. Sankaran.json
Chinmaya Sisters,359,1524793,Carnatic,Carnatic/artist/Chinmaya Sisters.json
Bharathi Ramasubban,139,157369,Carnatic,Carnatic/artist/Bharathi Ramasubban.json
Keyboard Sathya,373,1389280,Carnatic,Carnatic/artist/Keyboard Sathya.json
Vinay Sharva,206,238561,Carnatic,Carnatic/artist/Vinay Sharva.json
S. Rajeswari,132,113345,Carnatic,Carnatic/artist/S. Rajeswari.json
Nedunuri Krishnamurthy,2607,3982395,Carnatic,Carnatic/artist/Nedunuri Krishnamurthy.json
Sai Giridhar,23,246492,Carnatic,Carnatic/artist/Sai Giridhar.json
Trichur Brothers,1322,36988872,Carnatic,Carnatic/artist/Trichur Brothers.json
Chittoor G. Venkatesan,17,2106,Carnatic,Carnatic/artist/Chittoor G. Venkatesan.json
T. N. Bala,10,27268,Carnatic,Carnatic/artist/T. N. Bala.json
Sandeep Narayan,1513,30120190,Carnatic,Carnatic/artist/Sandeep Narayan.json
Nandita Ravi,76,60954,Carnatic,Carnatic/artist/Nandita Ravi.json
Hyderabad Brothers,1949,2513263,Carnatic,Carnatic/artist/Hyderabad Brothers.json
Y. G. Srilatha,151,90470,Carnatic,Carnatic/artist/Y. G. Srilatha.json
Srirangam Gopalaratnam,319,929436,Carnatic,Carnatic/artist/Srirangam Gopalaratnam.json
Uma Subramaniam,20,8535,Carnatic,Carnatic/artist/Uma Subramaniam.json
Balamani Eswar,10,2468,Carnatic,Carnatic/artist/Balamani Eswar.json
Charulatha Mani,608,8116612,Carnatic,Carnatic/artist/Charulatha Mani.json
Hemmige Prashanth,186,189081,Carnatic,Carnatic/artist/Hemmige Prashanth.json
J. B. Sruthi Sagar,395,1356266,Carnatic,Carnatic/artist/J. B. Sruthi Sagar.json
Geetha Bennett,151,112903,Carnatic,Carnatic/artist/Geetha Bennett.json
Thanmayee Krishnamurthy,58,174992,Carnatic,Carnatic/artist/Thanmayee Krishnamurthy.json
B. V. Raghavendra Rao,24,42958,Carnatic,Carnatic/artist/B. V. Raghavendra Rao.json
G. S. Mani,311,655288,Carnatic,Carnatic/artist/G. S. Mani.json
Aishwarya Vidhya Raghunath,411,928671,Carnatic,Carnatic/artist/Aishwarya Vidhya Raghunath.json
S. V. Ramani,6,6643,Carnatic,Carnatic/artist/S. V. Ramani.json
Nirmala Parthasarathy,4,419,Carnatic,Carnatic/artist/Nirmala Parthasarathy.json
T. Chowdiah,199,536156,Carnatic,Carnatic/artist/T. Chowdiah.json
B. Sivaraman,28,59382,Carnatic,Carnatic/artist/B. Sivaraman.json
Anuradha Krishnamoorthy,62,417531,Carnatic,Carnatic/artist/Anuradha Krishnamoorthy.json
K. Sivaprasad,57,55052,Carnatic,Carnatic/artist/K. Sivaprasad.json
Vasudha Ravi,253,988273,Carnatic,Carnatic/artist/Vasudha Ravi.json
Hyderabad Sisters,190,226230,Carnatic,Carnatic/artist/Hyderabad Sisters.json
Vivek Moozhikkulam,211,254648,Carnatic,Carnatic/artist/Vivek Moozhikkulam.json
Apoorva Krishna,76,104503,Carnatic,Carnatic/artist/Apoorva Krishna.json
N. C. Bharadwaj,39,347765,Carnatic,Carnatic/artist/N. C. Bharadwaj.json
N. Amrit,117,86412,Carnatic,Carnatic/artist/N. Amrit.json
Thirupampuram TKS Meenakshisundaram,33,28265,Carnatic,Carnatic/artist/Thirupampuram TKS Meenakshisundaram.json
Radha Bhaskar,329,110604,Carnatic,Carnatic/artist/Radha Bhaskar.json
K. S. Manjunath,2,967,Carnatic,Carnatic/artist/K. S. Manjunath.json
Bangalore N. Suresh,33,15851,Carnatic,Carnatic/artist/Bangalore N. Suresh.json
Sreevalsan J. Menon,1021,8872348,Carnatic,Carnatic/artist/Sreevalsan J. Menon.json
Vishal Sapuram,72,38012,Carnatic,Carnatic/artist/Vishal Sapuram.json
R. S. Mani,58,393423,Carnatic,Carnatic/artist/R. S. Mani.json
Puniya Srinivas,41,237739,Carnatic,Carnatic/artist/Puniya Srinivas.json
Mudikondan Venkatarama Iyer,85,139337,Carnatic,Carnatic/artist/Mudikondan Venkatarama Iyer.json
Aishwarya Saundarya,247,22026414,Carnatic,Carnatic/artist/Aishwarya Saundarya.json
Vivek Sadasivam,452,802791,Carnatic,Carnatic/artist/Vivek Sadasivam.json
Ranjani Nagaraj,27,150439,Carnatic,Carnatic/artist/Ranjani Nagaraj.json
Meera Sivaramakrishnan,44,16464,Carnatic,Carnatic/artist/Meera Sivaramakrishnan.json
Reetha Rajan,54,47115,Carnatic,Carnatic/artist/Reetha Rajan.json
V. Kamalakar Rao,33,32790,Carnatic,Carnatic/artist/V. Kamalakar Rao.json
Thiruvarur V. Namashivayam,9,8350,Carnatic,Carnatic/artist/Thiruvarur V. Namashivayam.json
Thanjavur Ramadas,4,10807,Carnatic,Carnatic/artist/Thanjavur Ramadas.json
K. Ramaraj,32,2463,Carnatic,Carnatic/artist/K. Ramaraj.json
Shrikantam Nagendra Shastri,93,58173,Carnatic,Carnatic/artist/Shrikantam Nagendra Shastri.json
Shreyas Narayanan,41,6467,Carnatic,Carnatic/artist/Shreyas Narayanan.json
Rajesh Vaidhya,447,18719158,Carnatic,Carnatic/artist/Rajesh Vaidhya.json
Thanjavur Sankara Iyer,112,52082,Carnatic,Carnatic/artist/Thanjavur Sankara Iyer.json
S. Kasim S. Babu,119,365285,Carnatic,Carnatic/artist/S. Kasim S. Babu.json
Thanjavur Upendran,34,47811,Carnatic,Carnatic/artist/Thanjavur Upendran.json
Angamaly KJ Jose,15,8799,Carnatic,Carnatic/artist/Angamaly KJ Jose.json
Nithyasree Mahadevan,3642,99491016,Carnatic,Carnatic/artist/Nithyasree Mahadevan.json
S. Varadarajan,63,213956,Carnatic,Carnatic/artist/S. Varadarajan.json
R. Shankarnarayanan,22,174579,Carnatic,Carnatic/artist/R. Shankarnarayanan.json
J. A. Jayanth,626,2071910,Carnatic,Carnatic/artist/J. A. Jayanth.json
Padma Shankar,120,91421,Carnatic,Carnatic/artist/Padma Shankar.json
Ambujam Vishwanathan,14,20074,Carnatic,Carnatic/artist/Ambujam Vishwanathan.json
Coimbatore N. Ramaswamy Pillai,13,33537,Carnatic,Carnatic/artist/Coimbatore N. Ramaswamy Pillai.json
Trichy K. Murali,13,3181,Carnatic,Carnatic/artist/Trichy K. Murali.json
G. N. Desikan,7,5583,Carnatic,Carnatic/artist/G. N. Desikan.json
N. Kesi,28,8203,Carnatic,Carnatic/artist/N. Kesi.json
C. S. Shankarashivam,10,4146,Carnatic,Carnatic/artist/C. S. Shankarashivam.json
Pakkala Ramdas,19,3919,Carnatic,Carnatic/artist/Pakkala Ramdas.json
Vijay Siva,859,3808770,Carnatic,Carnatic/artist/Vijay Siva.json
Raja Iyengar,62,129307,Carnatic,Carnatic/artist/Raja Iyengar.json
Valayapatti A. R. Subramaniam,174,19420997,Carnatic,Carnatic/artist/Valayapatti A. R. Subramaniam.json
MPN Ponnuswamy,17,61812,Carnatic,Carnatic/artist/MPN Ponnuswamy.json
Sanjay Subrahmanyan,4192,34269163,Carnatic,Carnatic/artist/Sanjay Subrahmanyan.json
Kamalakiran Vinjamuri,131,483247,Carnatic,Carnatic/artist/Kamalakiran Vinjamuri.json
Aishwarya Shankar,254,596500,Carnatic,Carnatic/artist/Aishwarya Shankar.json
V. V. Sadagopan,73,90684,Carnatic,Carnatic/artist/V. V. Sadagopan.json
Suguna Purushothaman,283,247580,Carnatic,Carnatic/artist/Suguna Purushothaman.json
Geetha Rajasekhar,31,14295,Carnatic,Carnatic/artist/Geetha Rajasekhar.json
V. K. Raman,958,7176628,Carnatic,Carnatic/artist/V. K. Raman.json
Nisha Rajagopal,867,2055991,Carnatic,Carnatic/artist/Nisha Rajagopal.json
Rajam Pushpavanam,21,16625,Carnatic,Carnatic/artist/Rajam Pushpavanam.json
D. Seshachari,99,143819,Carnatic,Carnatic/artist/D. Seshachari.json
Akkarai Subhalakshmi,83,765893,Carnatic,Carnatic/artist/Akkarai Subhalakshmi.json
V. V. Ravi,34,18202,Carnatic,Carnatic/artist/V. V. Ravi.json
M. Balamuralikrishna,11804,96773676,Carnatic,Carnatic/artist/M. Balamuralikrishna.json
S. P. Ramh,209,1240769,Carnatic,Carnatic/artist/S. P. Ramh.json
Pantula Rama,1082,2610020,Carnatic,Carnatic/artist/Pantula Rama.json
Maharajapuram Santhanam,4193,63277357,Carnatic,Carnatic/artist/Maharajapuram Santhanam.json
Vageesh,86,37902,Carnatic,Carnatic/artist/Vageesh.json
Abhishek Raghuram,1537,11135622,Carnatic,Carnatic/artist/Abhishek Raghuram.json
Trivandrum V. Balaji,7,40241,Carnatic,Carnatic/artist/Trivandrum V. Balaji.json
Shreya Devnath,147,298659,Carnatic,Carnatic/artist/Shreya Devnath.json
S. P. Ananthapadmanabha,10,521617,Carnatic,Carnatic/artist/S. P. Ananthapadmanabha.json
Praveen Sparsh,22,90593,Carnatic,Carnatic/artist/Praveen Sparsh.json
Raghu Ravi,18,10136,Carnatic,Carnatic/artist/Raghu Ravi.json
Thiruvarur S. Girish,139,202883,Carnatic,Carnatic/artist/Thiruvarur S. Girish.json
M. A. Sundareswaran,33,24146,Carnatic,Carnatic/artist/M. A. Sundareswaran.json
Padma Varadhan,17,4079,Carnatic,Carnatic/artist/Padma Varadhan.json
S. N. Narayanamurthy,17,1305,Carnatic,Carnatic/artist/S. N. Narayanamurthy.json
Sriram Gangadharan,117,236420,Carnatic,Carnatic/artist/Sriram Gangadharan.json
T. P. Vaidhyanathan,17,4029,Carnatic,Carnatic/artist/T. P. Vaidhyanathan.json
Malladi Ravikumar,7,20137,Carnatic,Carnatic/artist/Malladi Ravikumar.json
K. Bhaskaran,82,803505,Carnatic,Carnatic/artist/K. Bhaskaran.json
T. V. Venkatesan,8,2554,Carnatic,Carnatic/artist/T. V. Venkatesan.json
Varalakshmi Anandkumar,154,173931,Carnatic,Carnatic/artist/Varalakshmi Anandkumar.json
S. Sowmya,2324,26363090,Carnatic,Carnatic/artist/S. Sowmya.json
Shobhana Rangachari,48,61866,Carnatic,Carnatic/artist/Shobhana Rangachari.json
Palghat Mani Iyer,361,1893139,Carnatic,Carnatic/artist/Palghat Mani Iyer.json
Mannarkoil J. Balaji,51,65316,Carnatic,Carnatic/artist/Mannarkoil J. Balaji.json
Bellary M. Venkatesh Achar,45,15197,Carnatic,Carnatic/artist/Bellary M. Venkatesh Achar.json
Jyotsna Srikanth,55,830314,Carnatic,Carnatic/artist/Jyotsna Srikanth.json
Radha Jayalakshmi,1268,4128768,Carnatic,Carnatic/artist/Radha Jayalakshmi.json
Sirkazhi Govindarajan,304,4005376,Carnatic,Carnatic/artist/Sirkazhi Govindarajan.json
Kannikeswaran,60,88654,Carnatic,Carnatic/artist/Kannikeswaran.json
Madurai M. Balasubramaniam,10,2026,Carnatic,Carnatic/artist/Madurai M. Balasubramaniam.json
K. V. Prasad,52,194246,Carnatic,Carnatic/artist/K. V. Prasad.json
Srirangam. R. Ranganathan,1,3062,Carnatic,Carnatic/artist/Srirangam. R. Ranganathan.json
Shashank Subramanyam,692,4604114,Carnatic,Carnatic/artist/Shashank Subramanyam.json
K. J. Yesudas,1514,69331059,Carnatic,Carnatic/artist/K. J. Yesudas.json
Mysore Srikanth,23,329740,Carnatic,Carnatic/artist/Mysore Srikanth.json
Seshampatti T. Sivalingam,52,36195,Carnatic,Carnatic/artist/Seshampatti T. Sivalingam.json
K. U. Jayachandra Rao,34,61145,Carnatic,Carnatic/artist/K. U. Jayachandra Rao.json
Doraiswamy Iyengar,660,521177,Carnatic,Carnatic/artist/Doraiswamy Iyengar.json
Prapancham S. Balachandran,54,25398,Carnatic,Carnatic/artist/Prapancham S. Balachandran.json
T. Rukmani,136,49242,Carnatic,Carnatic/artist/T. Rukmani.json
K. S. Vishnudev,913,3454026,Carnatic,Carnatic/artist/K. S. Vishnudev.json
G. Guru Prasanna,8,247762,Carnatic,Carnatic/artist/G. Guru Prasanna.json
Krishnakumar Binny,172,5173585,Carnatic,Carnatic/artist/Krishnakumar Binny.json
N. C. Rangacharyulu,15,892,Carnatic,Carnatic/artist/N. C. Rangacharyulu.json
Prasad Venkataraman,4,104,Carnatic,Carnatic/artist/Prasad Venkataraman.json
N. S. Srinivasan,18,56232,Carnatic,Carnatic/artist/N. S. Srinivasan.json
Guruvayur Dorai,75,481132,Carnatic,Carnatic/artist/Guruvayur Dorai.json
Ramnad Krishnan,1332,2388472,Carnatic,Carnatic/artist/Ramnad Krishnan.json
B. V. Balasai,208,309232,Carnatic,Carnatic/artist/B. V. Balasai.json
R. Thiagarajan,84,38144,Carnatic,Carnatic/artist/R. Thiagarajan.json
Brindha Manickavasakan,536,1489528,Carnatic,Carnatic/artist/Brindha Manickavasakan.json
Vasumathi Badrinathan,43,31746,Carnatic,Carnatic/artist/Vasumathi Badrinathan.json
Thirucherai TVS Sivasubramaniam,14,1104,Carnatic,Carnatic/artist/Thirucherai TVS Sivasubramaniam.json
Shradda Ravindran,26,9184,Carnatic,Carnatic/artist/Shradda Ravindran.json
Anil Srinivasan,70,111250,Carnatic,Carnatic/artist/Anil Srinivasan.json
Nandini Rao Gujar,72,13813191,Carnatic,Carnatic/artist/Nandini Rao Gujar.json
Lakshmi Rangarajan,98,62114,Carnatic,Carnatic/artist/Lakshmi Rangarajan.json
S. R. Mahadeva Sarma,238,114103,Carnatic,Carnatic/artist/S. R. Mahadeva Sarma.json
D. B. Ashwin,54,70177,Carnatic,Carnatic/artist/D. B. Ashwin.json
T. Jayammal,63,118090,Carnatic,Carnatic/artist/T. Jayammal.json
Adyar S. Jayaraman,26,9459,Carnatic,Carnatic/artist/Adyar S. Jayaraman.json
Ranganayaki Rajagopalan,145,81880,Carnatic,Carnatic/artist/Ranganayaki Rajagopalan.json
Jayashree Aravind,111,846748,Carnatic,Carnatic/artist/Jayashree Aravind.json
Saindhavi Prakash,57,1166776,Carnatic,Carnatic/artist/Saindhavi Prakash.json
Bhargavi Balasubramaniam,160,470067,Carnatic,Carnatic/artist/Bhargavi Balasubramaniam.json
M. S. Ananthakrishnan,9,5436,Carnatic,Carnatic/artist/M. S. Ananthakrishnan.json
T. N. Rajarathnam Pillai,336,1149397,Carnatic,Carnatic/artist/T. N. Rajarathnam Pillai.json
Thiruvarur S. Swaminathan,7,1978,Carnatic,Carnatic/artist/Thiruvarur S. Swaminathan.json
Lathangi Jayamohan,1,33,Carnatic,Carnatic/artist/Lathangi Jayamohan.json
Salem Shriram,40,35092,Carnatic,Carnatic/artist/Salem Shriram.json
G. Ravikiran,614,550472,Carnatic,Carnatic/artist/G. Ravikiran.json
N. C. Soundaravalli,5,3060,Carnatic,Carnatic/artist/N. C. Soundaravalli.json
Delhi Sairam,25,149381,Carnatic,Carnatic/artist/Delhi Sairam.json
Raji Gopalakrishnan,226,301553,Carnatic,Carnatic/artist/Raji Gopalakrishnan.json
S. Sunil Kumar,2,0,Carnatic,Carnatic/artist/S. Sunil Kumar.json
Salem Gayathri Venkatesan,183,120682,Carnatic,Carnatic/artist/Salem Gayathri Venkatesan.json
O. S. Thyagarajan,1674,1196005,Carnatic,Carnatic/artist/O. S. Thyagarajan.json
Brinda Muktha,703,1574312,Carnatic,Carnatic/artist/Brinda Muktha.json
